sample,uptime_s,gpu_pm,gpu_active_ms,gpu_suspended_ms,cpu_khz,pmic_mc,cpu_mc,battery_uv,charge_status,backlight,watchdog_pets,fault,sample_error,stop_error,last_error,broken,power,MemAvailable_kib,Slab_kib
0,315.19,suspended,20325,294345,1040000,47467,46800,4093066,Not charging,32,127,0x0,0,0,0,0,0x3f4c/0x3f4c,913572,8352
1,316.30,active,21301,294475,598000,46883,47500,4095483,Not charging,32,127,0x0,0,0,0,0,0x3f5c/0x3f5c,904256,8440
2,317.44,active,22441,294475,598000,46883,47100,4095483,Not charging,32,127,0x0,0,0,0,0,0x3f5c/0x3f5c,903532,8444
3,318.58,active,23581,294475,598000,46883,47000,4095043,Not charging,32,127,0x0,0,0,0,0,0x3f5c/0x3f5c,903952,8444
4,319.72,active,24720,294475,598000,46883,47100,4095263,Not charging,32,127,0x0,0,0,0,0,0x3f5c/0x3f5c,904312,8448
5,320.86,active,25861,294475,598000,46883,47100,4095922,Not charging,32,127,0x0,0,0,0,0,0x3f5c/0x3f5c,903300,8464
6,322.00,active,27002,294475,598000,46883,47000,4094604,Not charging,32,127,0x0,0,0,0,0,0x3f5c/0x3f5c,903664,8468
7,323.15,active,28151,294475,598000,46883,47000,4094165,Not charging,32,127,0x0,0,0,0,0,0x3f5c/0x3f5c,903276,8468
8,324.29,active,29291,294475,598000,46883,47200,4093945,Not charging,32,127,0x0,0,0,0,0,0x3f5c/0x3f5c,902732,8468
9,325.43,active,30431,294475,598000,46883,47000,4093725,Not charging,32,127,0x0,0,0,0,0,0x3f5c/0x3f5c,902852,8468
10,326.57,active,31571,294475,598000,46883,47000,4093725,Not charging,32,127,0x0,0,0,0,0,0x3f5c/0x3f5c,902368,8468
11,327.71,active,32711,294475,598000,46883,47100,4092407,Not charging,32,127,0x0,0,0,0,0,0x3f5c/0x3f5c,902116,8468
12,328.85,active,33851,294475,598000,46883,47000,4093286,Not charging,32,127,0x0,0,0,0,0,0x3f5c/0x3f5c,902340,8468
13,329.99,active,34991,294475,598000,46883,47100,4092846,Not charging,32,127,0x0,0,0,0,0,0x3f5c/0x3f5c,902844,8468
14,331.13,active,36131,294475,598000,46883,47000,4092626,Not charging,32,127,0x0,0,0,0,0,0x3f5c/0x3f5c,903040,8468
15,332.27,active,37271,294475,598000,46883,47100,4092626,Not charging,32,127,0x0,0,0,0,0,0x3f5c/0x3f5c,902228,8468
16,333.41,active,38411,294475,598000,46883,47100,4092626,Not charging,32,127,0x0,0,0,0,0,0x3f5c/0x3f5c,902616,8468
17,334.55,active,39551,294475,598000,46883,46900,4092187,Not charging,32,127,0x0,0,0,0,0,0x3f5c/0x3f5c,902348,8468
18,335.69,active,40691,294475,598000,46883,47100,4092187,Not charging,32,127,0x0,0,0,0,0,0x3f5c/0x3f5c,903548,8468
19,336.84,active,41847,294475,598000,46883,47100,4094604,Not charging,32,127,0x0,0,0,0,0,0x3f5c/0x3f5c,903844,8468
20,337.99,active,42991,294475,1040000,46883,47000,4090649,Not charging,32,127,0x0,0,0,0,0,0x3f5c/0x3f5c,904132,8468
21,339.11,active,44111,294475,598000,46883,47700,4091748,Not charging,32,127,0x0,0,0,0,0,0x3f5c/0x3f5c,903208,8516
22,340.25,active,45251,294475,598000,46883,47300,4091528,Not charging,32,127,0x0,0,0,0,0,0x3f5c/0x3f5c,902872,8516
23,341.39,active,46391,294475,598000,46883,47000,4091308,Not charging,32,127,0x0,0,0,0,0,0x3f5c/0x3f5c,903652,8516
24,342.53,active,47531,294475,598000,46883,47000,4091088,Not charging,32,127,0x0,0,0,0,0,0x3f5c/0x3f5c,903412,8516
25,343.67,active,48671,294475,598000,46883,47100,4091088,Not charging,32,127,0x0,0,0,0,0,0x3f5c/0x3f5c,903152,8516
26,344.81,active,49811,294475,598000,46883,47000,4090869,Not charging,32,127,0x0,0,0,0,0,0x3f5c/0x3f5c,903008,8516
27,345.95,active,50952,294475,598000,46883,47000,4090649,Not charging,32,127,0x0,0,0,0,0,0x3f5c/0x3f5c,903220,8516
28,347.10,active,52101,294475,598000,46883,46900,4090649,Not charging,32,127,0x0,0,0,0,0,0x3f5c/0x3f5c,903440,8516
29,348.24,active,53241,294475,598000,46883,47000,4090429,Not charging,32,127,0x0,0,0,0,0,0x3f5c/0x3f5c,903292,8524
30,349.38,active,54374,294475,598000,46298,47000,4153271,Charging,32,128,0x0,0,0,0,0,0x3f5c/0x3f5c,902904,8524
31,350.51,active,55511,294475,598000,46298,47100,4155468,Charging,32,129,0x0,0,0,0,0,0x3f5c/0x3f5c,902304,8548
32,351.65,active,56651,294475,598000,46298,47300,4156787,Charging,32,130,0x0,0,0,0,0,0x3f5c/0x3f5c,902232,8556
33,352.79,active,57791,294475,598000,46298,47200,4156787,Charging,32,131,0x0,0,0,0,0,0x3f5c/0x3f5c,902936,8556
34,353.93,active,58931,294475,598000,46883,47500,4157885,Charging,32,132,0x0,0,0,0,0,0x3f5c/0x3f5c,902944,8556
35,355.07,active,60071,294475,598000,46883,47700,4158325,Charging,32,133,0x0,0,0,0,0,0x3f5c/0x3f5c,902908,8556
36,356.21,active,61211,294475,598000,46883,47700,4159204,Charging,32,134,0x0,0,0,0,0,0x3f5c/0x3f5c,902164,8556
37,357.35,active,62352,294475,598000,46883,47800,4162280,Charging,32,135,0x0,0,0,0,0,0x3f5c/0x3f5c,902308,8556
38,358.52,active,63519,294475,598000,46883,47900,4162280,Charging,32,136,0x0,0,0,0,0,0x3f5c/0x3f5c,902412,8556
39,359.66,active,64661,294475,598000,46883,48100,4160961,Charging,32,137,0x0,0,0,0,0,0x3f5c/0x3f5c,902876,8556
40,360.80,active,65801,294475,598000,46883,48100,4161621,Charging,32,138,0x0,0,0,0,0,0x3f5c/0x3f5c,903216,8556
41,361.94,active,66941,294475,598000,46883,48100,4162060,Charging,32,139,0x0,0,0,0,0,0x3f5c/0x3f5c,903052,8556
42,363.08,active,68081,294475,598000,46883,48100,4162719,Charging,32,140,0x0,0,0,0,0,0x3f5c/0x3f5c,903520,8556
43,364.22,active,69223,294475,598000,47467,48300,4163159,Charging,32,141,0x0,0,0,0,0,0x3f5c/0x3f5c,902964,8556
44,365.41,active,70411,294475,598000,47467,48500,4163159,Charging,32,143,0x0,0,0,0,0,0x3f5c/0x3f5c,902560,8556
45,366.58,active,71581,294475,598000,47467,48500,4164038,Charging,32,144,0x0,0,0,0,0,0x3f5c/0x3f5c,902900,8556
46,367.72,active,72714,294475,1040000,47467,48500,4158764,Charging,32,145,0x0,0,0,0,0,0x3f5c/0x3f5c,902588,8556
47,368.82,active,73821,294475,598000,47467,49200,4166674,Charging,32,146,0x0,0,0,0,0,0x3f5c/0x3f5c,902372,8568
48,369.96,active,74961,294475,598000,47467,48700,4165136,Charging,32,147,0x0,0,0,0,0,0x3f5c/0x3f5c,902620,8568
49,371.10,active,76102,294475,598000,47467,48600,4165576,Charging,32,148,0x0,0,0,0,0,0x3f5c/0x3f5c,903216,8568
50,372.25,active,77251,294475,598000,47467,48900,4166015,Charging,32,149,0x0,0,0,0,0,0x3f5c/0x3f5c,903320,8568
51,373.39,active,78391,294475,598000,47467,48800,4166235,Charging,32,150,0x0,0,0,0,0,0x3f5c/0x3f5c,902736,8568
52,374.54,active,79547,294475,598000,47467,48900,4166015,Charging,32,151,0x0,0,0,0,0,0x3f5c/0x3f5c,902728,8568
53,375.69,active,80691,294475,598000,47467,48900,4166455,Charging,32,152,0x0,0,0,0,0,0x3f5c/0x3f5c,902312,8568
54,376.83,active,81831,294475,598000,47467,49000,4166894,Charging,32,153,0x0,0,0,0,0,0x3f5c/0x3f5c,901832,8568
55,377.97,active,82971,294475,598000,47467,49000,4167114,Charging,32,154,0x0,0,0,0,0,0x3f5c/0x3f5c,902304,8568
56,379.12,active,84121,294475,598000,47467,48900,4167773,Charging,32,155,0x0,0,0,0,0,0x3f5c/0x3f5c,902028,8568
57,380.26,active,85261,294475,598000,47467,49000,4167993,Charging,32,156,0x0,0,0,0,0,0x3f5c/0x3f5c,902332,8568
58,381.40,active,86401,294475,598000,47467,49200,4167993,Charging,32,157,0x0,0,0,0,0,0x3f5c/0x3f5c,902248,8568
59,382.54,active,87541,294475,598000,47467,49100,4168432,Charging,32,158,0x0,0,0,0,0,0x3f5c/0x3f5c,902460,8568
60,383.69,active,88691,294475,598000,48052,49100,4171289,Charging,32,159,0x0,0,0,0,0,0x3f5c/0x3f5c,901900,8568
61,384.83,active,89831,294475,598000,48052,49400,4172167,Charging,32,160,0x0,0,0,0,0,0x3f5c/0x3f5c,902412,8568
62,385.97,active,90971,294475,598000,48052,49200,4166455,Charging,32,161,0x0,0,0,0,0,0x3f5c/0x3f5c,902028,8568
63,387.12,active,92121,294475,598000,48052,49200,4169750,Charging,32,162,0x0,0,0,0,0,0x3f5c/0x3f5c,902272,8568
64,388.26,active,93261,294475,598000,48052,49200,4169311,Charging,32,163,0x0,0,0,0,0,0x3f5c/0x3f5c,902856,8568
65,389.40,active,94401,294475,598000,48052,49400,4169970,Charging,32,164,0x0,0,0,0,0,0x3f5c/0x3f5c,903220,8568
66,390.55,active,95552,294475,598000,48052,49400,4169970,Charging,32,165,0x0,0,0,0,0,0x3f5c/0x3f5c,903160,8568
67,391.72,active,96721,294475,598000,48052,49200,4172827,Charging,32,166,0x0,0,0,0,0,0x3f5c/0x3f5c,902712,8568
68,392.86,active,97861,294475,598000,48052,49400,4173266,Charging,32,167,0x0,0,0,0,0,0x3f5c/0x3f5c,903144,8568
69,394.00,active,99002,294475,598000,48052,49500,4170849,Charging,32,168,0x0,0,0,0,0,0x3f5c/0x3f5c,903232,8568
70,395.15,active,100151,294475,598000,48052,49500,4171069,Charging,32,169,0x0,0,0,0,0,0x3f5c/0x3f5c,902608,8568
71,396.29,active,101291,294475,598000,48052,49500,4171069,Charging,32,170,0x0,0,0,0,0,0x3f5c/0x3f5c,902824,8568
72,397.43,active,102431,294475,598000,48052,49400,4171728,Charging,32,171,0x0,0,0,0,0,0x3f5c/0x3f5c,902076,8568
73,398.57,active,103571,294475,598000,48052,49500,4171728,Charging,32,172,0x0,0,0,0,0,0x3f5c/0x3f5c,902816,8568
74,399.71,active,104711,294475,598000,48637,49600,4107348,Not charging,32,172,0x0,0,0,0,0,0x3f5c/0x3f5c,903132,8568
75,400.85,active,105857,294475,598000,48637,49500,4106909,Not charging,32,172,0x0,0,0,0,0,0x3f5c/0x3f5c,903416,8568
76,402.00,active,107001,294475,598000,48637,49600,4105810,Not charging,32,172,0x0,0,0,0,0,0x3f5c/0x3f5c,903300,8568
77,403.14,active,108141,294475,598000,48637,49400,4104931,Not charging,32,172,0x0,0,0,0,0,0x3f5c/0x3f5c,903192,8568
78,404.28,active,109281,294475,598000,48637,49100,4104272,Not charging,32,172,0x0,0,0,0,0,0x3f5c/0x3f5c,903216,8568
79,405.42,active,110421,294475,598000,48637,49000,4103613,Not charging,32,172,0x0,0,0,0,0,0x3f5c/0x3f5c,903012,8568
80,406.56,active,111561,294475,598000,48052,49000,4101855,Not charging,32,172,0x0,0,0,0,0,0x3f5c/0x3f5c,902576,8568
81,407.70,active,112701,294475,598000,48052,48900,4105151,Not charging,32,172,0x0,0,0,0,0,0x3f5c/0x3f5c,902432,8568
82,408.85,active,113851,294475,598000,48052,48800,4102954,Not charging,32,172,0x0,0,0,0,0,0x3f5c/0x3f5c,902616,8568
83,410.00,active,115002,294475,598000,48052,48500,4101416,Not charging,32,172,0x0,0,0,0,0,0x3f5c/0x3f5c,903196,8568
84,411.17,active,116173,294475,598000,48052,48700,4103173,Not charging,32,172,0x0,0,0,0,0,0x3f5c/0x3f5c,903056,8568
85,412.32,active,117321,294475,598000,48052,48600,4102734,Not charging,32,172,0x0,0,0,0,0,0x3f5c/0x3f5c,902504,8572
86,413.46,active,118462,294475,598000,48052,48500,4102294,Not charging,32,172,0x0,0,0,0,0,0x3f5c/0x3f5c,902388,8572
87,414.60,active,119602,294475,598000,48052,48500,4102075,Not charging,32,172,0x0,0,0,0,0,0x3f5c/0x3f5c,902828,8572
88,415.74,active,120742,294475,598000,48052,48500,4101635,Not charging,32,172,0x0,0,0,0,0,0x3f5c/0x3f5c,902756,8572
89,416.90,active,121901,294475,598000,47467,48100,4101416,Not charging,32,172,0x0,0,0,0,0,0x3f5c/0x3f5c,903168,8572
90,418.07,active,123072,294475,598000,48052,48100,4100976,Not charging,32,172,0x0,0,0,0,0,0x3f5c/0x3f5c,903044,8572
91,419.22,active,124221,294475,598000,48052,48100,4098779,Not charging,32,172,0x0,0,0,0,0,0x3f5c/0x3f5c,902176,8572
92,420.36,active,125361,294475,598000,48052,48100,4096362,Not charging,32,172,0x0,0,0,0,0,0x3f5c/0x3f5c,902296,8572
93,421.50,active,126502,294475,598000,47467,48100,4097021,Not charging,32,172,0x0,0,0,0,0,0x3f5c/0x3f5c,902372,8572
94,422.64,active,127642,294475,598000,47467,47900,4097900,Not charging,32,172,0x0,0,0,0,0,0x3f5c/0x3f5c,902076,8572
95,423.78,active,128781,294475,598000,47467,47900,4097241,Not charging,32,172,0x0,0,0,0,0,0x3f5c/0x3f5c,902724,8572
96,424.92,active,129921,294475,598000,47467,48100,4096362,Not charging,32,172,0x0,0,0,0,0,0x3f5c/0x3f5c,902996,8572
97,426.06,active,131061,294475,598000,47467,47800,4096362,Not charging,32,172,0x0,0,0,0,0,0x3f5c/0x3f5c,903380,8572
98,427.20,active,132202,294475,598000,47467,47900,4096142,Not charging,32,172,0x0,0,0,0,0,0x3f5c/0x3f5c,902676,8572
99,428.34,active,133342,294475,598000,47467,47900,4095703,Not charging,32,172,0x0,0,0,0,0,0x3f5c/0x3f5c,903168,8572
100,429.48,active,134482,294475,598000,47467,47900,4095483,Not charging,32,172,0x0,0,0,0,0,0x3f5c/0x3f5c,903008,8572
101,430.62,active,135621,294475,598000,47467,47800,4095263,Not charging,32,172,0x0,0,0,0,0,0x3f5c/0x3f5c,902660,8572
102,431.76,active,136761,294475,598000,47467,47900,4094824,Not charging,32,172,0x0,0,0,0,0,0x3f5c/0x3f5c,902396,8572
103,432.91,active,137918,294475,598000,47467,47700,4097241,Not charging,32,172,0x0,0,0,0,0,0x3f5c/0x3f5c,902920,8572
104,434.06,active,139061,294475,598000,47467,47700,4096142,Not charging,32,172,0x0,0,0,0,0,0x3f5c/0x3f5c,903204,8572
105,435.20,active,140202,294475,598000,47467,47700,4096582,Not charging,32,172,0x0,0,0,0,0,0x3f5c/0x3f5c,903544,8572
106,436.34,suspended,140500,295323,598000,47467,47800,4095043,Not charging,32,172,0x0,0,0,0,0,0x3f4c/0x3f4c,912516,8540
107,437.49,suspended,140500,296473,598000,47467,47500,4094824,Not charging,32,172,0x0,0,0,0,0,0x3f4c/0x3f4c,912360,8540
108,438.63,suspended,140500,297613,598000,47467,47300,4094604,Not charging,32,172,0x0,0,0,0,0,0x3f4c/0x3f4c,911296,8532
109,439.77,suspended,140500,298753,598000,47467,47300,4094384,Not charging,32,172,0x0,0,0,0,0,0x3f4c/0x3f4c,911268,8532
110,440.91,suspended,140500,299892,598000,47467,47400,4094165,Not charging,32,172,0x0,0,0,0,0,0x3f4c/0x3f4c,911620,8532
111,442.05,suspended,140500,301033,598000,47467,47300,4093945,Not charging,32,172,0x0,0,0,0,0,0x3f4c/0x3f4c,911340,8532
112,443.20,suspended,140500,302190,598000,47467,47400,4094165,Not charging,32,172,0x0,0,0,0,0,0x3f4c/0x3f4c,912012,8532
113,444.35,suspended,140500,303333,598000,47467,47100,4093725,Not charging,32,172,0x0,0,0,0,0,0x3f4c/0x3f4c,912476,8532
114,445.49,suspended,140500,304473,598000,46883,47200,4093505,Not charging,32,172,0x0,0,0,0,0,0x3f4c/0x3f4c,912604,8532
115,446.63,suspended,140500,305613,598000,46883,47300,4093505,Not charging,32,172,0x0,0,0,0,0,0x3f4c/0x3f4c,912528,8532
116,447.77,suspended,140500,306753,598000,46883,47000,4093505,Not charging,32,172,0x0,0,0,0,0,0x3f4c/0x3f4c,912180,8532
117,448.91,suspended,140500,307893,598000,46883,47000,4093286,Not charging,32,172,0x0,0,0,0,0,0x3f4c/0x3f4c,911788,8532
118,450.05,suspended,140500,309033,598000,46883,47200,4093066,Not charging,32,172,0x0,0,0,0,0,0x3f4c/0x3f4c,911156,8532
119,451.19,suspended,140500,310173,598000,46883,47000,4092846,Not charging,32,172,0x0,0,0,0,0,0x3f4c/0x3f4c,913044,8528
120,452.33,suspended,140500,311313,598000,46883,47000,4092846,Not charging,32,172,0x0,0,0,0,0,0x3f4c/0x3f4c,912968,8532
121,453.48,suspended,140500,312469,598000,46883,47100,4094824,Not charging,32,172,0x0,0,0,0,0,0x3f4c/0x3f4c,913780,8532
122,454.63,suspended,140500,313613,598000,46883,46900,4094604,Not charging,32,172,0x0,0,0,0,0,0x3f4c/0x3f4c,914168,8532
123,455.77,suspended,140500,314753,598000,46883,46900,4094384,Not charging,32,172,0x0,0,0,0,0,0x3f4c/0x3f4c,913628,8532
124,456.91,suspended,140500,315893,598000,46883,47100,4094384,Not charging,32,172,0x0,0,0,0,0,0x3f4c/0x3f4c,913756,8532
