reference_path	bytes	sha256	class	origin
OriginalFirmware/EBR1	512	0eca0f26847ffd17426ffd7c9e976a7e28017cf6bc454d6478c68d3b2c52a64e	package-input-candidate	UNKNOWN; existing local reference checkout
OriginalFirmware/EBR2	512	699e1e33054e944e7b1776a539cd41551f4a066abc51535ccfc3d50b44c4ffc7	package-input-candidate	UNKNOWN; existing local reference checkout
OriginalFirmware/MBR	512	4be9c92be18ba4169d4b050e18811c6650eab27a487f1c67f4a49efa01cd32a1	package-input-candidate	UNKNOWN; existing local reference checkout
OriginalFirmware/MT6582_Android_scatter.txt	7666	e5fe03e9f3219cc9b5ead27892f2ddb722acc16adce3306d27feb87893cd977e	package-input-candidate	UNKNOWN; existing local reference checkout
OriginalFirmware/android-info.txt	7	ebbdb47d3206997d594fe88ae6c5fe3acbaff8d8260b1e8f137aa5ce78c33eb9	package-input-candidate	UNKNOWN; existing local reference checkout
OriginalFirmware/appsboot.mbn	242480	2b3dd296db6aeed15d4691777099cab50481c114355eea3a17dbd25ad32a59ae	package-input-candidate	UNKNOWN; existing local reference checkout
OriginalFirmware/appsboot.raw	242440	bb1a93b4c1f02eab09ebad1314a8fdc25d94d3ca99771fc14e21cb18a289964a	package-input-candidate	UNKNOWN; existing local reference checkout
OriginalFirmware/boot.img	5654528	8131020fafddb864d252b13f6bc7e83584487bd182d371d7e51f6244e2412f02	package-input-candidate	UNKNOWN; existing local reference checkout
OriginalFirmware/cache.img	6316180	4aaf54d75eb29fd157c8d796bb8434fef94f8117b9d5c2736bc81ab4a1a6a76a	package-input-candidate	UNKNOWN; existing local reference checkout
OriginalFirmware/clean_steps.mk	40847	8fb02fa03bb21ec2331beac7d4e61ab59c531e2fe4f855d53939f9ecc86f70d9	package-input-candidate	UNKNOWN; existing local reference checkout
OriginalFirmware/custom_build_verno	10	65b7a9e3e4c95df248163aa4ef2f166ec9a4ab257026bd75e6f5001c0d525868	package-input-candidate	UNKNOWN; existing local reference checkout
OriginalFirmware/installed-files.txt	80833	c167edb2c5d4df670df74a828f72fc41d450223f8fd307c80a407b00a395b645	package-input-candidate	UNKNOWN; existing local reference checkout
OriginalFirmware/kernel	4942168	b026b2859e9bf977eca0b5f8506f67024143fbadb18e9c28c23f5e7b6a51118d	package-input-candidate	UNKNOWN; existing local reference checkout
OriginalFirmware/kernel_eastaeon82_wet_kk.bin	4942168	b026b2859e9bf977eca0b5f8506f67024143fbadb18e9c28c23f5e7b6a51118d	package-input-candidate	UNKNOWN; existing local reference checkout
OriginalFirmware/lk.bin	242440	bb1a93b4c1f02eab09ebad1314a8fdc25d94d3ca99771fc14e21cb18a289964a	package-input-candidate	UNKNOWN; existing local reference checkout
OriginalFirmware/logo.bin	102593	028d12afefef0a9b3b24879bbc95a6dfb179e55955625474d9528fd5263b105d	package-input-candidate	UNKNOWN; existing local reference checkout
OriginalFirmware/preloader_eastaeon82_wet_kk.bin	120384	4621b206b4211bf6f4bc14b7a52564a54ec87b0386fed0e3f6679f3f34caa1e7	package-input-candidate	UNKNOWN; existing local reference checkout
OriginalFirmware/previous_build_config.mk	111	2e67bfc0eb20a492555cdc6454908cb2e6c754d0abe65514b9cfd4c666313ea7	package-input-candidate	UNKNOWN; existing local reference checkout
OriginalFirmware/ramdisk-recovery.img	1092308	72fe3931f18e40fd77d7faa1e8d3ee4894bbc083adf568d297b750c847df30ea	package-input-candidate	UNKNOWN; existing local reference checkout
OriginalFirmware/ramdisk.img	707660	2ab4337358e9aa91a206447bcfa6debb0f236a619f3735d0f7a0961a760db8da	package-input-candidate	UNKNOWN; existing local reference checkout
OriginalFirmware/recovery.img	6039552	1c14b5316bfc0542b4b3b3c6c75208ff6da99e7302ef7c397aaa77e33cc6292c	package-input-candidate	UNKNOWN; existing local reference checkout
OriginalFirmware/secro.img	135168	acaf48de55477d23437a81e27241ec4cfb59186369919fdd942eae41bc262fb6	package-input-candidate	UNKNOWN; existing local reference checkout
OriginalFirmware/system.img	517713688	ca05f82cbb5374dc8c41163aa8c7276de2f8af4c56d7ada7b6f2c581330a8455	package-input-candidate	UNKNOWN; existing local reference checkout
OriginalFirmware/userdata.img	15290768	552e325ecf2faffeb9351022147bbfda3b7cebe25df491b2d732e85c5c68f27c	package-input-candidate	UNKNOWN; existing local reference checkout
out/hardware-snapshots/2026-07-29_004316/manifest.csv	9860	d93cee5c59d902be0306523469cd92050c127828f87e1054a52c93373186021c	historical-capture-manifest-or-archive	Historical capture; verify per-file result in evidence-index
out/hardware-snapshots/2026-07-29_004316/checksums.txt	8650	3e2db7a345ea709b1155d8b3d98b9572341b10493617883a2b46a9e166a6434a	historical-capture-manifest-or-archive	Historical capture; verify per-file result in evidence-index
out/hardware-snapshots/2026-07-29_004316.zip	715086	999207f33d1cb683b5dc99a2e44c6dcb7472cdfe6b51a8b33f464414be828147	historical-capture-manifest-or-archive	Historical capture; verify per-file result in evidence-index
out/hardware-snapshots/2026-07-29_004935/manifest.csv	9860	d93cee5c59d902be0306523469cd92050c127828f87e1054a52c93373186021c	historical-capture-manifest-or-archive	Historical capture; verify per-file result in evidence-index
out/hardware-snapshots/2026-07-29_004935/checksums.txt	8650	95822c223f144119f1ad5af0ed29423edd67ba0dfdc153eacaed19a4d2dee619	historical-capture-manifest-or-archive	Historical capture; verify per-file result in evidence-index
out/hardware-snapshots/2026-07-29_004935.zip	711721	2c3b3410de8993b3e038d40601372e6affe79dfb572c9ac477347aead192440a	historical-capture-manifest-or-archive	Historical capture; verify per-file result in evidence-index
out/afe-runtime/2026-07-30_135519/manifest.json	66262	a4b3d753d89672efcaee9c46d3bb60a384ed05afef0b09911c4ef17a621887d7	historical-analysis-input	UNKNOWN; existing local reference checkout
out/afe-runtime/2026-07-30_135519/manifest-states.csv	1493	f67c20211fd261cb07178a80f8e3403247d5f73e1babeabe0bb4cd920ad952b1	historical-analysis-input	UNKNOWN; existing local reference checkout
out/afe-runtime/2026-07-30_135519/manifest-files.csv	23667	2be914f112ca28df4328be10c0e21d65686b8858a12dfd0d90b8f7a03284dc0f	historical-analysis-input	UNKNOWN; existing local reference checkout
reverse/ghidra/exports/y2-kernel-image.bin	10544388	5f284fade5e9ab4f146ed9e7bd2464d1e1a4d04a8eafb43abb4a909738666355	historical-analysis-input	UNKNOWN; existing local reference checkout
reverse/ghidra/exports/y2-kernel-with-kallsyms.elf	12492046	b2b5570d2db50cc7828f5b715a952ad02bf1da43403d45d057833142eb5cf6a4	historical-analysis-input	UNKNOWN; existing local reference checkout
reverse/system/lib/hw/audio.primary.default.so	5316	5f002c6a779eb299fe6295973c660872b63639d3367e4369106dfecd50feb1cb	historical-analysis-input	UNKNOWN; existing local reference checkout
out/boot-adb/checksums.txt	399	746e5ec8dd8b9aacc7d2dc29d09a6e19810bf8a37dafb4bfd136884b43b9f516	generated-build-report; not restoration proof	UNKNOWN; existing local reference checkout
out/boot-adb/build-manifest.txt	1137	9001bd44f6b474f48b534df46671287c656ab48728f05e8da4e98d7af4b9a1c0	generated-build-report; not restoration proof	UNKNOWN; existing local reference checkout
out/boot-adb/verification-report.txt	1603	dab5b31bc0ad55b77fac6339a63ff176043fde54131832895be3566eba85838b	generated-build-report; not restoration proof	UNKNOWN; existing local reference checkout
out/firmware/checksums.txt	331	2c0fbc7d396491d2b16da2545894c07f45b2d4f6dd10216149bcbc30a3f6fda9	generated-build-report; not restoration proof	UNKNOWN; existing local reference checkout
out/firmware/build-manifest.txt	3269	8dd5277a00b8003004d84599dc6afeda30c506ad1516734ee21a5e30713ec7e5	generated-build-report; not restoration proof	UNKNOWN; existing local reference checkout
out/firmware/verification-report.txt	8314	fdf109cb68c6649d6ca8cc3dfbea8b5d2695772639a2749051e0ebe299924324	generated-build-report; not restoration proof	UNKNOWN; existing local reference checkout
docs/Y2_HARDWARE_AND_DAC_ANALYSIS.md	48085	17c954d11d0a294f98752b2c1996564d645c4350ad6f6e42c4d0f614595886af	historical-analysis-report	UNKNOWN; existing local reference checkout
docs/Y2_AUDIO_PATH_PHASE2_ANALYSIS.md	39303	ae4894d73bfb925b6ab546478f022aa688136264a1c5dcf658aabc4270f67382	historical-analysis-report	UNKNOWN; existing local reference checkout
docs/Y2_AUDIO_PATH_PHASE3_RUNTIME.md	19219	41fe4a9b85cc41afbb4fbcbd8c030583a0e843351cf355373a0fdc5efd73751f	historical-analysis-report	UNKNOWN; existing local reference checkout
docs/Y2_AUDIO_PATH_PHASE4_SECOND_I2S.md	25826	4733c6b4130e9e0e9e9bb633fe304462def205c5feca810e7df2faa865a0a806	historical-analysis-report	UNKNOWN; existing local reference checkout
docs/BLUETOOTH_STACK_INVESTIGATION.md	21213	5de22f7366a854fd25330f46a2d11830d6062ae52e27ade21a943fb9bedf13a2	historical-analysis-report	UNKNOWN; existing local reference checkout
docs/FM_RADIO_FEASIBILITY.md	17361	859233a59079e87793b34e5b3cb75812ab950f32d3e3ad1e4cc7535ab74eb535	historical-analysis-report	UNKNOWN; existing local reference checkout
docs/ADB_BOOT_IMAGE.md	1973	ab7576a0e37e6523dec0b5100b4dff58994ecfb87f5ee7426fed6c2bab3bfa91	historical-analysis-report	UNKNOWN; existing local reference checkout
RELEASE_2.5.md	13587	40679a1cea6e8c7b8953e3e999be04a6a896c1c9c57a3efe59c049ccf8bee02d	behavior/revision-report	UNKNOWN; existing local reference checkout
y2_v3.2.0_FM-20260813/boot.img	5656576	5ef1bdf28481ee0bf5f3528c1ddd91cf3f4d2d5f39e4d0ea049a8137a30f6af6	owner-confirmed recovery package; current local hash	Y2E-125 owner observation; full audit in handoff-artifacts.tsv
y2_v3.2.0_FM-20260813/recovery.img	6041600	319ae8113b7741c13a0ab6254575c9a0e70336c4290fca49dd33abb4f85f29b0	owner-confirmed recovery package; current local hash	Y2E-125 owner observation; full audit in handoff-artifacts.tsv
y2_v3.2.0_FM-20260813/system.img	518590232	5a7a92f3a95374f31abe8b3ddbd68c5c2ce5677547db3d1cbc21653d24c76989	owner-confirmed recovery package; current local hash	Y2E-125 owner observation; full audit in handoff-artifacts.tsv
y2_v3.2.0_FM-20260813/kernel	4944888	8f250f5ce97ffd2d2a59455c0fb9eceff7e32b0e1ba34de84ae0d551a9f9e48e	owner-confirmed recovery package; current local hash	Y2E-125 owner observation; full audit in handoff-artifacts.tsv
y2_v3.2.0_FM-20260813/MT6582_Android_scatter.txt	7666	e5fe03e9f3219cc9b5ead27892f2ddb722acc16adce3306d27feb87893cd977e	owner-confirmed recovery package; current local hash	Y2E-125 owner observation; full audit in handoff-artifacts.tsv
Y1Software/flash_tool.exe	10514944	8aa16765f811f9b665dd1dc110f68081a4bcd8efa19832cb49b23cfd031881df	candidate package/tool; unapproved for recovery	UNKNOWN; discovered local artifact
Y1Software/MTK_AllInOne_DA.bin	12945664	4729b77976508708a541039a807f3203f68a37e91ebbc832ac7db70b4ea6d832	candidate package/tool; unapproved for recovery	UNKNOWN; discovered local artifact
Y1Software/DA_PL.bin	12834208	d64712d7a859592712afb4d008f6bfa17a5037c7f6dc9f403512fd5194d713fc	candidate package/tool; unapproved for recovery	UNKNOWN; discovered local artifact
Y1Software/DA_SWSEC.bin	4056488	853e5500cfb267cefc114aafb91df59ff5bb43595aa1cf55b51059ab6b3192b4	candidate package/tool; unapproved for recovery	UNKNOWN; discovered local artifact
Y1Software/MT6572_Android_scatter.txt	7202	29390d04d90368a2fdfdf28913e8dcff8ba139b4487afa0e92ed2b9b1ec26866	candidate package/tool; unapproved for recovery	UNKNOWN; discovered local artifact
Y1Software/BromAdapterTool.ini	639	a50ee0d268845d7ee07f592f04ec0f272e6fa68ba3ca18fdf08cff06fb6e231f	candidate package/tool; unapproved for recovery	UNKNOWN; discovered local artifact
Y1Software/option.ini	546	692e4d226c0c9bc8ef813fd6eba35385f5c7cc6c694d46ba4c082db1a3e62e70	candidate package/tool; unapproved for recovery	UNKNOWN; discovered local artifact
Y1Software/history.ini	134	28dc0984d6b75adf5114658154e39506bfebf461707968056b86fc154d79ad27	candidate package/tool; unapproved for recovery	UNKNOWN; discovered local artifact
Y1Software/rb_without_scatter.xml	1330	b51e030a944820651a6a2170ee6416867a008b97cb0794a9848cc0c0417437e5	candidate package/tool; unapproved for recovery	UNKNOWN; discovered local artifact
out/hardware-snapshots/2026-07-29_004935/pulled/system__lib__libaudio.primary.default.so	753072	5c5162f6a68f7db57febd050ee88cc886779dcce5948937149d6cd211eb0e6de	historical HAL input or separate patched derivative	See evidence-index.md
out/hardware-snapshots/2026-07-29_004316/pulled/system__lib__libaudio.primary.default.patched.so	753072	c155e239c8d13bc83bc4016ebdcbd1724114d728df86beb4d42c112150ffe216	historical HAL input or separate patched derivative	See evidence-index.md
