path	bytes	lines	sha256	upstream_v6.18
arch/arm/boot/dts/mediatek/Makefile	396	16	952e47296d4d07c1b71a66c783fa10169881a8285cf85587ee8d26f3cb0941be	different
arch/arm/boot/dts/mediatek/mt6582-innioasis-y2.dts	28449	851	b7740410ddabbe9a61f1c4f58df0a118450ec0d3a296bfe205cdf21b87105a6b	absent
arch/arm/mach-mediatek/mediatek.c	1306	54	cafbd4f2acacf298f051a105365cb674a4e8de5809307920cd9576e5df863773	different
arch/arm/mach-mediatek/platsmp.c	4080	149	8faf867ba6dd530a11d25e163cf3c040d7167cad9272b19b4ba585116b6fc678	different
drivers/base/regmap/regmap-debugfs.c	17545	703	b55f7995baad0555c117e47648051447e31176fe4ac6bee45e7ae73a4a99e0c7	different
drivers/clk/mediatek/Kconfig	32115	1063	cd52fd96029bceec17fc943ffd6345ec255dcf6f783d24ecd4c498478b6c48ff	different
drivers/clk/mediatek/Makefile	9636	158	b7e70ed52af5e20b8fae49184c03e1557497a74fa8266a55586ae6381b2581bd	different
drivers/clk/mediatek/clk-mt6582-apmixedsys.c	4252	119	31ba26212f088f3742786620266089864f65d15b55005870f5d01ad3bc59060b	absent
drivers/clk/mediatek/clk-mt6582-mm.c	3253	88	dd84468f96ba53fb6f05c0c1c06119cfbef49635dc262ca6c6e75cd5cbe21a90	absent
drivers/clk/mediatek/clk-mt6582.c	9655	230	09aedd67484cffda6e40df2e3d8a80ba1ac2cf5ad50a6650f13a2fdef8a92b53	absent
drivers/gpio/Kconfig	57862	1943	230a57fe84cc551d5a50ebf9eaef3078a71e74c5858b528e881724a78b84eb71	different
drivers/gpio/Makefile	9267	206	e2a97c1a7715edc232de30cc3555d853af0dec3f6092a274a1c40be58a72ca99	different
drivers/gpio/gpio-mt6582.c	6565	230	3dac88ed0a91017d19947c2bf11e7a7bbda528092ceab54d4fe3c8230b7af6ee	absent
drivers/gpu/drm/mediatek/Kconfig	1197	43	b2048f6e9baad20e87b849f30ed3dc9587b720d3a7692576966b9621558b43ea	different
drivers/gpu/drm/mediatek/mtk_crtc.c	32152	1149	f67e169038fa91352d628c2f367baed09ff423159c73acbbb8cf56816421271d	different
drivers/gpu/drm/mediatek/mtk_ddp_comp.c	20559	687	200d43decf603fb1d2fdbeef27f1301ff75ae506f995ab4b0e31033e09496a98	different
drivers/gpu/drm/mediatek/mtk_ddp_comp.h	10520	369	c160d2160b7b7f363b645f1f51a10739f5f42fe6ad2879d164d9d66465df3fd1	different
drivers/gpu/drm/mediatek/mtk_disp_color.c	4618	169	559a14692226fea2dcb279c6d4514adcd58a44abfd80a9d71abf80696e770d2e	different
drivers/gpu/drm/mediatek/mtk_disp_drv.h	8086	178	1254171640751fd48eaf39db786c97e8b1c3c861718d06f5e0dc115ab16dd3da	different
drivers/gpu/drm/mediatek/mtk_disp_ovl.c	25525	837	59024964736954418bb769a7a528b8f8eec0b72dafd9d7942d5e109c2b787285	different
drivers/gpu/drm/mediatek/mtk_disp_rdma.c	13225	453	f4ccd4ca734fff7ca837a78ef4189b1767a6c18a0ef2ae9100dd4d83764aae64	different
drivers/gpu/drm/mediatek/mtk_drm_drv.c	31048	1113	0a1abc007ae32846fb6994bf3ecde1ab29ce3a701f477e21d916a4cbce0348de	different
drivers/gpu/drm/mediatek/mtk_dsi.c	40893	1481	112bccc0ee71721ac548a19a8963094ac04b94bb2082273d199581df8e9b5649	different
drivers/gpu/drm/mediatek/mtk_gem.c	7282	293	ed022e3f80978629195ebbcfb20f9a5c9bafc4384c6f10b688e8d6e705f78279	different
drivers/gpu/drm/panel/Kconfig	31980	1001	434a9741fc47c741d8fea7762d51fed0ed305fb54debc47d665da0067e399861	different
drivers/gpu/drm/panel/Makefile	6970	103	068a102010945f267309284ef5df92d362d4e974ad170644379b8ee0fcfe182a	different
drivers/gpu/drm/panel/panel-gc9503v.c	9052	293	2060b735c55ce0b4a73ba3f9f2a7dd1c99b0fed7381c84db3ef77b0ee548c212	absent
drivers/input/keyboard/Kconfig	24508	811	5e19584c33908df958816882eee14f8fb9f07b2db816adb84b273e83231986ce	different
drivers/input/keyboard/Makefile	3371	73	8be6e758c97665ff7031f2851c525db7209ec633cb5fba8e1ae13a271e0dc21e	different
drivers/input/keyboard/mt6582-keypad.c	3628	121	552876f5eb2aa6ba8c6dae27888a3fdeaaca04a9a56f4e7e70c169856e8294dd	absent
drivers/input/keyboard/mtk-pmic-keys.c	10890	417	4da573e6cff1baca40bae4c0d0942762a9d572ddc301b9890f3c982b3c7d1b49	different
drivers/input/misc/Kconfig	29183	968	d810582f53ff9433824f7ef3e73892f398f244ccde9fa6cbf2289821110d41e1	different
drivers/input/misc/Makefile	4576	95	4ca4c137cd4f24c4c6bc96c43fa290c7a633eda9b629bf07247032c4d27431cd	different
drivers/input/misc/apt32f-wheel.c	3596	131	ad8288ad51943d02413330a7879b72f797cd387168d67fb2cd435e42ffd1269b	absent
drivers/misc/Kconfig	21230	632	1f3bc26fb495b25430194f6fcb166bffc56b58bfd0057235084e2d9f067d923f	different
drivers/misc/Makefile	2844	75	a86af924f28c6611a34df7a029c9f35748fc0769d045341cebeee338860d633c	different
drivers/misc/mediatek-consys/Kconfig	1570	41	903484e722a703423c6442386c99efc56912e2eb377f8831abb7b029071ca82c	absent
drivers/misc/mediatek-consys/Makefile	850	13	0f556bec1de7218525d4737fa084538edc0e9c46e81ef7642af9ccff466b96b1	absent
drivers/misc/mediatek-consys/bt/Makefile	54	2	3bb545986c51cd14e2c3029ddd910e71821da403df89912141d72ef91dcabb2e	absent
drivers/misc/mediatek-consys/bt/stp_hci.c	10444	336	a8c722602380aa42376820364f3b5f52232a525d0859bd4f0cf039be16607c13	absent
drivers/misc/mediatek-consys/btif/Makefile	110	2	f4319f3853f72ba4a59b36801eb8de6e39790f08baaac3943377f78083847d72	absent
drivers/misc/mediatek-consys/btif/hal_inc/hal_btif_dma_pub.h	7436	200	0f7cedad6d401d2784ae70d154f47b424ec89f284a28e80368a6f1e1c4493eb4	absent
drivers/misc/mediatek-consys/btif/hal_inc/hal_btif_pub.h	7591	214	1616aa422cfb0ed35534b849b16fb1f1387d8a1f3a1cdb6c8802a57e2d94a842	absent
drivers/misc/mediatek-consys/btif/hal_inc/hal_pub.h	7763	284	d410e5449800968a80adceb87f7ca3a7844994c8a42ec519d5e019c5538bb870	absent
drivers/misc/mediatek-consys/btif/inc/mtk_btif.h	12004	363	105ffa9b55784b0ac0a8912ed0a3ab04140c38a134024e6b5cf4b3d52badbe2c	absent
drivers/misc/mediatek-consys/btif/inc/mtk_btif_exp.h	10544	261	4d61248364360e1fa5f014d361849a226aaf8feb267ff46346b68680e19f0e7d	absent
drivers/misc/mediatek-consys/btif/mt6582/hal_btif.c	35962	1254	c14427612b08d5b8dd97cda781168bd1262419cecebef7cb7562a23b88a7f8c6	absent
drivers/misc/mediatek-consys/btif/mt6582/hal_btif_dma.c	38215	1245	081d1a4b3b90314f96ad6a4acbc33e8650f18a260df380892f8a931a421724f1	absent
drivers/misc/mediatek-consys/btif/mt6582/inc/hal_btif.h	3809	91	e3cc8923a9a05fa016441925b84683be2921b33f94432056d762986003358e65	absent
drivers/misc/mediatek-consys/btif/mt6582/inc/hal_btif_dma.h	6575	142	ad8c76a459c1d3c75008f422a5485ad2c35962618e227fa2bd28be19a7801638	absent
drivers/misc/mediatek-consys/btif/mtk_btif.c	83330	3241	c8a4ac5c29eb15b2e5bd8cae23e4b85eace6a7c3a6b4e39cda0bb9b93545570d	absent
drivers/misc/mediatek-consys/btif/mtk_btif_exp.c	20881	760	ec85fd46f74671f0b90d60f9b2ea7bd684203e1ef81acb2948c9f53a7803c3df	absent
drivers/misc/mediatek-consys/common/Makefile	453	8	71091da4374bb1855930a26909c727f7b204bc3f4d5ae09c42097cc3308e7a44	absent
drivers/misc/mediatek-consys/common/core/btm_core.c	38514	1429	bbd3ed17e7d640faae0b61f245212c169847e85880fe8f64b3c3cb5a26ebd219	absent
drivers/misc/mediatek-consys/common/core/dbg_core.c	616	13	df9732819dc25c2a4877afd870f0b802a78e080c94f75e7f98e54bee0d42d133	absent
drivers/misc/mediatek-consys/common/core/include/btm_core.h	4813	138	0ebde772e535b5ba4e47c35bb40bf5cdb8a520846285a734bd3cc18d2a12fb2c	absent
drivers/misc/mediatek-consys/common/core/include/dbg_core.h	2791	77	5c09aa6d6a2bd165c0270ca63dde428b2a0665964721ccd67bb61ba440b1004b	absent
drivers/misc/mediatek-consys/common/core/include/psm_core.h	9394	260	fe3cb7fdfedc4bf10c563fe95a5af8248533147a48138debfb8436e00ecc4ac1	absent
drivers/misc/mediatek-consys/common/core/include/stp_core.h	20280	616	e25e1eaff9487ff6571d0b8e88efe92024d0439bf49b275fed26e7ddf87e62e1	absent
drivers/misc/mediatek-consys/common/core/include/stp_wmt.h	3262	103	868fd39c058c62f37c15706c2fbf359756453a840cab653d60b6ca735fd2f253	absent
drivers/misc/mediatek-consys/common/core/include/wmt_conf.h	3035	95	3d329132b4ca95adfc9e6d44f313e01eb88a258e0742b82973aea680ef42c53a	absent
drivers/misc/mediatek-consys/common/core/include/wmt_core.h	12758	476	58daa7b2e67e0153a609926117901e5d26b6c60a5f1ff57e8962f082342ec7d9	absent
drivers/misc/mediatek-consys/common/core/include/wmt_ctrl.h	4669	153	ddf15a21d0a6d7525791c166883a6563ca6c7bc14543b45cfb6cb1f641a61a35	absent
drivers/misc/mediatek-consys/common/core/include/wmt_func.h	4153	148	e5cae3acbcae23597fd075a5c4a4611409323bbf348c0bac5a4561cb24659a79	absent
drivers/misc/mediatek-consys/common/core/include/wmt_ic.h	4481	126	81fbb1917b00d4b22bc1e064b0d8929df9ee7f7024de72020453b18f8cea5362	absent
drivers/misc/mediatek-consys/common/core/include/wmt_lib.h	11026	330	2e2a58eb00e3fb561742007676a2e61c38f35b3bc6361d6241923d7a980969d7	absent
drivers/misc/mediatek-consys/common/core/psm_core.c	64957	2204	36939962dcce110c39460e8c15d17e6e2480a84a833126b7e4afd8f080508ba8	absent
drivers/misc/mediatek-consys/common/core/stp_core.c	127265	3701	2aae15a411314a7e4667d40487870aad041ff696e14e4f16154612bf2025907d	absent
drivers/misc/mediatek-consys/common/core/wmt_conf.c	14931	539	7f2d9f409d6c20849553bc191171c2abf920407e078babdfff954d728779a84b	absent
drivers/misc/mediatek-consys/common/core/wmt_core.c	74512	2295	107bab25a67d22aa3ed751a2b62d2d0e7bcb11dfda314a86a76fd97f89b9acd5	absent
drivers/misc/mediatek-consys/common/core/wmt_ctrl.c	32367	1105	9164a462d197d3c060cfea673669afb5c413fced77cff8aeb2ba07470d6f169d	absent
drivers/misc/mediatek-consys/common/core/wmt_func.c	21083	773	40140d1d7730655aa13f05da66dc61472f5d535dd57ba7fdbb99aee52615504d	absent
drivers/misc/mediatek-consys/common/core/wmt_ic_soc.c	78409	2230	e6421cb02c6757ef82704373a0658401c6fc4b713a196d5db99876c80fb3e8a9	absent
drivers/misc/mediatek-consys/common/core/wmt_lib.c	52773	2086	8452fc621e80db05789ab642d4d464c0d5f23bac774b90a50f11546befb2991c	absent
drivers/misc/mediatek-consys/common/include/stp_exp.h	9138	276	d17e49db99b278453e314779575d2925696ef44f80e65a70c7c30f9045c7c963	absent
drivers/misc/mediatek-consys/common/include/wmt.h	702	21	cc23c87e8c8af641742bac6187fd30c54ff73980b27f63b62386a4f56b04cc07	absent
drivers/misc/mediatek-consys/common/include/wmt_exp.h	9651	317	385b25c15497856ea772972609f57737c9fa133bffc8d0120156d990cfb58e41	absent
drivers/misc/mediatek-consys/common/include/wmt_plat.h	9084	300	75030c5bb8b6fe1d42385007f0761c40d9ceadeb138760f936afe2ae416226b5	absent
drivers/misc/mediatek-consys/common/linux/include/bgw_desense.h	1586	72	201bee4fc8a20123e9fc9d3674cd14740da2cccc4b50c45e3d397d368fa6813f	absent
drivers/misc/mediatek-consys/common/linux/include/osal.h	12416	374	24b1fb248a5fc88ededf779edb80a2e828e82627b4d590e1d6d490aa48b4ce64	absent
drivers/misc/mediatek-consys/common/linux/include/osal_typedef.h	2688	96	b5d22471b3ebb0aab6b180f5b66aded7a00c8480f14025f219863e249c8ff693	absent
drivers/misc/mediatek-consys/common/linux/include/wmt_idc.h	1966	65	0ae809c84d77e7af11da52b0b4eaf8a89b7d0f2b5b216644e1f81e98cb4e6e6c	absent
drivers/misc/mediatek-consys/common/linux/pri/include/stp_btif.h	1275	30	6f0b81b13e55b99b065d777e42736b8fa7fb89955ff3d748ef2858615f5561cc	absent
drivers/misc/mediatek-consys/common/linux/pri/include/stp_dbg.h	8098	303	d2590bc20e93a63d9d51b1010092a3020c50dbca8270bc02cefd39b680c3f256	absent
drivers/misc/mediatek-consys/common/linux/pri/include/wmt_dev.h	2264	79	7b5cf10b95c1d37bce6791837b91bce298da89cb30b7866baba41877456e1be2	absent
drivers/misc/mediatek-consys/common/linux/pri/stp_btif.c	7083	278	4a0634adddda952cd9754f4ac87ce88805d1b0a71771fdf27801d6809ed831cb	absent
drivers/misc/mediatek-consys/common/linux/pri/stp_dbg.c	54016	1911	1e994c3abc4420dbe4642781d404ca8e1fe63434ce2a5262c4b4fc26e2427447	absent
drivers/misc/mediatek-consys/common/linux/pri/stp_exp.c	8985	332	1a051b78337a799a7e82f7533dd5055c60118d18b3161bde1d0393a8e9d52ff8	absent
drivers/misc/mediatek-consys/common/linux/pri/wmt_dev.c	70937	2542	8acc5951fd8ac940f78d23df0d6846aea2341870a752127089e35f23f1cf521e	absent
drivers/misc/mediatek-consys/common/linux/pri/wmt_exp.c	15061	600	ec1e431379c6c123317d37b86cf4acde10a4e591a436dc3b396f67d43d4eacaa	absent
drivers/misc/mediatek-consys/common/linux/pub/bgw_desense.c	4129	177	4f9f7ca8b0f423b55d3373df1aacef114cfd3da1b457f737faabae3a72b6110e	absent
drivers/misc/mediatek-consys/common/linux/pub/osal.c	29028	1331	b4f608f2f6d0b7911086b432719e30c5e673baec18eb103427cb48d5a5923f17	absent
drivers/misc/mediatek-consys/common/linux/pub/stp_chrdev_bt.c	15494	552	ad3cc011f8d62cf8826e36999d5231b659c3b8d6d18c86026cab16fe4b67546d	absent
drivers/misc/mediatek-consys/common/linux/pub/stp_chrdev_gps.c	14254	531	f6b0068a4342bbb13df2e7515441e8cc4f29eda8c6ec7f00a4ba70de9583b538	absent
drivers/misc/mediatek-consys/common/linux/pub/wmt_chrdev_wifi.c	21283	671	872859cfa7ceeae4a21bf2cb4f020210e004673235be6cffd8b0d783b1efa3eb	absent
drivers/misc/mediatek-consys/common/linux/pub/wmt_idc.c	7618	303	e27d8428bcbf45fe5786b07cde0a95a5a6b21f5c0e508fefbf697a3af6e93d25	absent
drivers/misc/mediatek-consys/detect/Makefile	122	2	ff4012f18c89ded06fb3709cec32c4dbf78c31a055423260a0fec7557f00cd87	absent
drivers/misc/mediatek-consys/detect/drv_init/bluetooth_drv_init.c	1002	33	cdeeb161474a6b745fa4ccbbe68ea32e3a41206a2d0af60dead76a4f991f64f0	absent
drivers/misc/mediatek-consys/detect/drv_init/common_drv_init.c	2842	109	fb180d1e3e64cfbd44c5076849bb31bcbdf84a500460993915e3229ace275333	absent
drivers/misc/mediatek-consys/detect/drv_init/conn_drv_init.c	2001	82	ba44e4fcef4db61bb152f5be6993b8c854172644034ebde44a0973b70eafa159	absent
drivers/misc/mediatek-consys/detect/drv_init/fm_drv_init.c	954	36	2c539eb114bc663fafb0cbd1f07d4fa555fe4836336c7a4fc183f567e865ef3a	absent
drivers/misc/mediatek-consys/detect/drv_init/gps_drv_init.c	981	34	c13c5b5401ae07ee0386c2b1d4192c7fd7e9aa89b6d8ffb2318aa2c0a43da7fd	absent
drivers/misc/mediatek-consys/detect/drv_init/inc/bluetooth_drv_init.h	782	21	3d73c8f393c1004eece39197b2f71e52f848b42107bbb8005017451cf6e2e07b	absent
drivers/misc/mediatek-consys/detect/drv_init/inc/common_drv_init.h	1071	34	c663cd9ea15ec0063339b1b7842f64b88a7fc3b1473441ddd935c25a6344e96a	absent
drivers/misc/mediatek-consys/detect/drv_init/inc/conn_drv_init.h	746	19	9026d5d75833a5b6f33d1f4287773a0bf482ef027f24e04fc74cdd23ab7de4f8	absent
drivers/misc/mediatek-consys/detect/drv_init/inc/fm_drv_init.h	782	21	bd9a68c631cc49cb9fc6bda3846971a534a08e45a06d366987c25c7a21258542	absent
drivers/misc/mediatek-consys/detect/drv_init/inc/gps_drv_init.h	764	20	e7fa40d98f165d409cc52316abcb9e7a7c67b46ce99ef9633ff6733ef928cec4	absent
drivers/misc/mediatek-consys/detect/drv_init/inc/wlan_drv_init.h	1111	37	5d755afd8692d95f26d429ce2c23f5f70d1e57e379acda3cefb88884ad26918b	absent
drivers/misc/mediatek-consys/detect/drv_init/wlan_drv_init.c	2491	98	6b5071c9c3dd3df335a96a1f22b530cd91b425bff05aa1e950b39c42d6972f7f	absent
drivers/misc/mediatek-consys/detect/mtk_wcn_stub_alps.c	11281	358	dc196a44c844e147e06ee2593f657c80c39dc37682029861dfa0b1fa3a3653ab	absent
drivers/misc/mediatek-consys/detect/sdio_detect.c	503	34	77d4e3a4a02ae75b2ce1f06af759aacadf00d6607b655aa87461721014a26616	absent
drivers/misc/mediatek-consys/detect/sdio_detect.h	1368	47	f2c7184e2e945f916d220df5ba4a6b3b10497d19581d1ee1486932c06556822e	absent
drivers/misc/mediatek-consys/detect/wmt_detect.c	7688	344	b0e65742f8d3c931c429df6151f97b697047c60d8343ebe4ab9d25a436fc535c	absent
drivers/misc/mediatek-consys/detect/wmt_detect.h	3488	84	36548de8f8acc992c376f34eb9ee3000da7e4c7272ce6a87eba831bbafd21494	absent
drivers/misc/mediatek-consys/detect/wmt_detect_pwr.c	542	23	43952e6810d7f3db86dd64d31fad64552f5887c778aa52dd8fb6f16b8af49ed7	absent
drivers/misc/mediatek-consys/detect/wmt_detect_pwr.h	1058	33	974f93476daa2d6ae2580c12630aac86dcaf8a17e501e6874dad5f703f482d7e	absent
drivers/misc/mediatek-consys/detect/wmt_stp_exp.c	13081	549	8d413e272a86a24f5feb791eb7a22230614fdbe47c90fa942c303ef3571af765	absent
drivers/misc/mediatek-consys/detect/wmt_stp_exp.h	19354	590	f45448e2b48ded2f7ea9b02981d9915502284fbe40504a2f6177c43835fa9b46	absent
drivers/misc/mediatek-consys/fmradio/Makefile	842	26	372ac0941fed6cc8ac3e20d5228001963aa5c1adbae2aaa5ffa6c01f3dd09ba2	absent
drivers/misc/mediatek-consys/fmradio/core/fm_config.c	16828	589	8be7512ab9aa1c25534c4ccd725af37a3a1479ec83849b4a7806e9eb121e1cef	absent
drivers/misc/mediatek-consys/fmradio/core/fm_eint.c	1153	47	ed24b2e63667cbc7f63139f5d1286cd5cdd84723833aacc5ef94605bca93f42c	absent
drivers/misc/mediatek-consys/fmradio/core/fm_link.c	17090	566	3b94e4f9a49b38ab8f75306414230596c90e76d6ca22ad052b0ef5254ff6159d	absent
drivers/misc/mediatek-consys/fmradio/core/fm_main.c	74610	3039	bbf3965c1b14c73bccaae34e85ea69ae212e60e04068edf52546dcd7239a8a9a	absent
drivers/misc/mediatek-consys/fmradio/core/fm_module.c	37295	1473	592e91c05312ec634fd532da6bad43cb6a4bdc5bc5e79e50dd32650b7336baca	absent
drivers/misc/mediatek-consys/fmradio/core/fm_patch.c	1645	74	15d2c11a68b81539ed3325de65688c705e9f753b4103ddc1377beecdbcf4082c	absent
drivers/misc/mediatek-consys/fmradio/core/fm_rds_parser.c	57232	1912	ee83c3fa4f2c90171a6b729d7922b2a2843ff66d33b20568fbfbb3cb553d27e1	absent
drivers/misc/mediatek-consys/fmradio/core/fm_utils.c	16912	700	67245387187b926c1472756c4ce0e6a06b4e47191c8977ac8da864fce4f58ecf	absent
drivers/misc/mediatek-consys/fmradio/inc/fm_config.h	6072	202	f66369175b5ec76d388b3ababe7b91e56bcb04784861cf0adf43ae4927ab3f77	absent
drivers/misc/mediatek-consys/fmradio/inc/fm_dbg.h	6668	195	3bdf1a9b1e25fd45e497b67d473e130ad9b065ed70dbd8ad2bd171e7e2616e5b	absent
drivers/misc/mediatek-consys/fmradio/inc/fm_eint.h	964	32	faa89733bf03d9720ed3c6385c9e7602f9833b5b416a5937378a8eed621c0ce0	absent
drivers/misc/mediatek-consys/fmradio/inc/fm_err.h	1192	46	ad4064c0572866f2fdfe9d408d13eb610d69196aeae5b2ccc7cbffe09891d47c	absent
drivers/misc/mediatek-consys/fmradio/inc/fm_interface.h	10713	303	a6943edb9a2542336636430895a75e1da647d0673cc42df29884d8b2d0a22457	absent
drivers/misc/mediatek-consys/fmradio/inc/fm_ioctl.h	4939	106	610bd5220b50d670f9492d1f70f113d8f17e91b76de432a5c5cb186add6b7a1a	absent
drivers/misc/mediatek-consys/fmradio/inc/fm_link.h	7688	242	040a685720c86f6af3162278faf8446acc0f266fbff355dea7847ec191d3c902	absent
drivers/misc/mediatek-consys/fmradio/inc/fm_main.h	13003	417	5b9ef3ee2065694fe02192103818c348f97a00a47efcaf0813fbf800e8b77a5e	absent
drivers/misc/mediatek-consys/fmradio/inc/fm_patch.h	1163	44	c9748a29b0842d252264cd1ebf41b70825da5f7b80e1539d845b36d5f7a0cb69	absent
drivers/misc/mediatek-consys/fmradio/inc/fm_priv_log.h	4278	114	9f71593dccbd08333e58ce92602175b14f9a98881a1c149b4f16d689c4bb5301	absent
drivers/misc/mediatek-consys/fmradio/inc/fm_private.h	3299	106	7421d6d353b24f0e3f15d5c9a35273a6a033eeea195e43da37cb628f826d80e9	absent
drivers/misc/mediatek-consys/fmradio/inc/fm_rds.h	7186	235	2c23857e8af6ebd225338e0c6fa3f638dfa6db7805d4632f873147481a2e5a46	absent
drivers/misc/mediatek-consys/fmradio/inc/fm_stdlib.h	1997	76	337050267ee7d2882b8205851c962806a5edf74790e89c522968b00d88e1a2f6	absent
drivers/misc/mediatek-consys/fmradio/inc/fm_typedef.h	1176	51	f31d37850653c94b8475757f955254c839687f136fcb790e3db8bc2c5c737331	absent
drivers/misc/mediatek-consys/fmradio/inc/fm_utils.h	9629	324	52558928423da9ba64b01a6dd5b3c1c7babb03386fd17031324edaecc42464ea	absent
drivers/misc/mediatek-consys/fmradio/mt6627/inc/mt6627_drv_dsp.h	1628	339	ea9a11c2e10fc5650de93679ab8fdb7f1c9c01cca26c4a191601da2bdb005bae	absent
drivers/misc/mediatek-consys/fmradio/mt6627/inc/mt6627_fm.h	2048	51	56ff5dac27e42cefdc2eb4171fe1e40083a14936ccd941bebdfd5cee7a027e5d	absent
drivers/misc/mediatek-consys/fmradio/mt6627/inc/mt6627_fm_cmd.h	3678	80	2cefa1f9542c83d3f391c80073642cc0ddc1dbec2aa191d5ef1cc439421ad3bf	absent
drivers/misc/mediatek-consys/fmradio/mt6627/inc/mt6627_fm_cust_cfg.h	3644	90	2285014125448877952aa9866287a62247864265b8b902347a1313bebf39b168	absent
drivers/misc/mediatek-consys/fmradio/mt6627/inc/mt6627_fm_lib.h	1814	86	783ab1c37f01d7d60f8b427bfba16fb94c0520bac50c0e3b03444303105cae3b	absent
drivers/misc/mediatek-consys/fmradio/mt6627/inc/mt6627_fm_reg.h	2488	105	4a9a816b3184fc0dcaca400a44c517648a6f4c88d90ec841ea6354267b6dd858	absent
drivers/misc/mediatek-consys/fmradio/mt6627/pub/mt6627_fm_cmd.c	33949	1026	b168ce5c3611fc3be8df94247906172db2ea94e8311eaa182d97623f497afd21	absent
drivers/misc/mediatek-consys/fmradio/mt6627/pub/mt6627_fm_config.c	5837	181	e9d96150f7a8b90dcdbecab7167f0b860a23ce8247a79234241b204a7e680b59	absent
drivers/misc/mediatek-consys/fmradio/mt6627/pub/mt6627_fm_lib.c	60705	2003	45ef5781d26f382653559cc4cd5a6d666f8b4ff6a8b405f78b08c16b275fea77	absent
drivers/misc/mediatek-consys/fmradio/mt6627/pub/mt6627_fm_rds.c	8556	309	e2417551e63b7385529ef9a8cabe9d1e5a30e05cd1e4b8551ee879da28225da1	absent
drivers/misc/mediatek-consys/plat/Makefile	122	2	6ea123cdae3e534bd0ca8afd64734f2319997e501a4ab4d972d4fdc37e94c3eb	absent
drivers/misc/mediatek-consys/plat/consys-mt6582.c	6100	185	faae98d5a00e66714c40956b95f204c5921e9c20f0f7b534f138e0d1a8be455f	absent
drivers/misc/mediatek-consys/plat/consys_res.c	1498	49	2f40ea924f8a04ea61fc079c231e8e7e1eb83cbbf8dad3aee75d4d53996ead89	absent
drivers/misc/mediatek-consys/plat/consys_wmt.c	4848	155	9ff6d7956b512bbae7848d71378ece4ca7936d0324273541fc0678fcd81969e3	absent
drivers/misc/mediatek-consys/plat/include/consys_plat.h	683	28	4a2c889277b003c567fd3680de014806c1ee4bef13f9026c2a2aeead7dfa79d0	absent
drivers/misc/mediatek-consys/plat/include/consys_res.h	1466	37	8c90f3914db582ae14614643e643b70a2d83ce8044b76a533ddf1a6fb71a55d0	absent
drivers/misc/mediatek-consys/plat/include/mach/eint.h	116	2	29da78bb0c633749667f27734aa359581ceb585c8a5f2f0db525ed9913212995	absent
drivers/misc/mediatek-consys/plat/include/mach/emi_mpu.h	116	2	29da78bb0c633749667f27734aa359581ceb585c8a5f2f0db525ed9913212995	absent
drivers/misc/mediatek-consys/plat/include/mach/mt6573_pll.h	116	2	29da78bb0c633749667f27734aa359581ceb585c8a5f2f0db525ed9913212995	absent
drivers/misc/mediatek-consys/plat/include/mach/mt_boot.h	116	2	29da78bb0c633749667f27734aa359581ceb585c8a5f2f0db525ed9913212995	absent
drivers/misc/mediatek-consys/plat/include/mach/mt_clkmgr.h	507	12	ba0091cc83150b49d3992020b16cb1754adda722007b08a63e4190ff43494dab	absent
drivers/misc/mediatek-consys/plat/include/mach/mt_dcm.h	116	2	29da78bb0c633749667f27734aa359581ceb585c8a5f2f0db525ed9913212995	absent
drivers/misc/mediatek-consys/plat/include/mach/mt_gpio.h	116	2	29da78bb0c633749667f27734aa359581ceb585c8a5f2f0db525ed9913212995	absent
drivers/misc/mediatek-consys/plat/include/mach/mt_irq.h	333	9	84d23fb4e8231596702493c9356dec5ea024f0e00c71286091b54ab54596ca2d	absent
drivers/misc/mediatek-consys/plat/include/mach/mt_pm_ldo.h	116	2	29da78bb0c633749667f27734aa359581ceb585c8a5f2f0db525ed9913212995	absent
drivers/misc/mediatek-consys/plat/include/mach/mt_reg_base.h	598	13	ca186a17378d513116ef8cca21cae1df5fa48727ade2e21bc08f360806c1567d	absent
drivers/misc/mediatek-consys/plat/include/mach/mtk_rtc.h	116	2	29da78bb0c633749667f27734aa359581ceb585c8a5f2f0db525ed9913212995	absent
drivers/misc/mediatek-consys/plat/include/mach/mtk_wcn_cmb_stub.h	5340	156	b7f85893a5f36982e0f36ca6d63f9af0a077d8f734820d97875fb85b8023bafe	absent
drivers/misc/mediatek-consys/plat/include/mach/sync_write.h	575	11	9cef9c22f15b6723d111d19e8c95859cd5656b136d7288f81398bc0fa0b6ef38	absent
drivers/misc/mediatek-consys/plat/include/mach/upmu_common.h	116	2	29da78bb0c633749667f27734aa359581ceb585c8a5f2f0db525ed9913212995	absent
drivers/misc/mediatek-consys/plat/include/mtk_wcn_consys_hw.h	8869	237	a27f945a1cc0fa1bd8fc2760675a361c2e5d52798a60c7380f8270bb6f461162	absent
drivers/misc/mediatek-consys/plat/mtk_wcn_consys_hw.c	17366	486	5e1cce7a11d78a340371a7d2b9ae29282b21ad0437cb8ddc67e690760ebbf8e7	absent
drivers/misc/mediatek-consys/plat/wmt_plat_alps.c	27717	988	ec0874917d2dfae1764164383ea98a85c778278836ac6a8d582c2bfa0a1214c3	absent
drivers/misc/mediatek-consys/wifi/Makefile	76	2	69953a3d203bd5c81c93e3ea8125edbaea8d0ffa4eb22f28ffaf6b7c116f860e	absent
drivers/misc/mediatek-consys/wifi/consys_wifi_load.c	26197	969	623f185b5b285f835fe4bf24f3d77796c0667b9ce92baa936fb4dd1831e6063a	absent
drivers/misc/mediatek-consys/wifi/mt6582/Makefile	3640	137	885d3b6e005f69b1dc5fa3258706b05942d76b866b74417226daf2ff099ccb88	absent
drivers/misc/mediatek-consys/wifi/mt6582/common/dump.c	23783	553	aff18e16cc28460235561729cea06bed40ed29fe8a7bee03b0056eedd80308f6	absent
drivers/misc/mediatek-consys/wifi/mt6582/common/wlan_bow.c	133764	3912	68f6b57437f3f8bc9bc050a943984acccc38ec089fc60c363e0585a188354f24	absent
drivers/misc/mediatek-consys/wifi/mt6582/common/wlan_lib.c	203983	6070	1ba9045ad86c452a27cabbfb4e3f1652f54bd946fe5245fbf31fe63a9717b3f1	absent
drivers/misc/mediatek-consys/wifi/mt6582/common/wlan_oid.c	388494	11332	3abdd8b0df4cb407699ded4ac9a5025306c914246103f562ee0a55feb5cfb625	absent
drivers/misc/mediatek-consys/wifi/mt6582/common/wlan_p2p.c	62655	1879	9ee81728e826cc0eb823b778c3bda75c47a500ef1d477c47756279497fa151b7	absent
drivers/misc/mediatek-consys/wifi/mt6582/include/CFG_Wifi_File.h	9866	265	127788998d5fac32390cf51be24a7160496ea8453dfffd5d44f9df2fee7b048e	absent
drivers/misc/mediatek-consys/wifi/mt6582/include/config.h	58777	1573	bf47b86da5ca68b8773923f4cb962d5d99a03fccc243f94dbb6d638cbd4920ba	absent
drivers/misc/mediatek-consys/wifi/mt6582/include/link.h	13869	428	6cba8e99181ca8f58ff1232164902588581f84322ca6278c367a10fc19751c8b	absent
drivers/misc/mediatek-consys/wifi/mt6582/include/mach/mt_gpt.h	0	0	e3b0c44298fc1c149afbf4c8996fb92427ae41e4649b934ca495991b7852b855	absent
drivers/misc/mediatek-consys/wifi/mt6582/include/mgmt/aa_fsm.h	8227	265	b82f93d5510e36c8da2832153161bd7aa3e5d32b2b366edbf85488825e6213ff	absent
drivers/misc/mediatek-consys/wifi/mt6582/include/mgmt/ais_fsm.h	23107	787	70c4b24d9d2a68b36697bbc9cdc01d8f2e30f8ecc496250ddee0e2fed957c843	absent
drivers/misc/mediatek-consys/wifi/mt6582/include/mgmt/assoc.h	5055	161	8d1373a4c80220f957fd8738980061b21fb3c23e332bd2f22d1500c51e32b2f0	absent
drivers/misc/mediatek-consys/wifi/mt6582/include/mgmt/auth.h	5626	189	5f631595679aaa79625e2a0da6f42f74498c7aea89b70d3072c2342504d60180	absent
drivers/misc/mediatek-consys/wifi/mt6582/include/mgmt/bow_fsm.h	6904	204	87014697df19b5d298230d113b98154f013eece0d9eb1acef58f85b7e9efcf59	absent
drivers/misc/mediatek-consys/wifi/mt6582/include/mgmt/bss.h	11033	367	f6209f9bf98236c7ef647776916d3873ad3b6847806a59c43d144a235d9b86c3	absent
drivers/misc/mediatek-consys/wifi/mt6582/include/mgmt/cnm.h	10135	337	f75326e2c495aa16f326944f0d23872648be531b650bd75c1a2c3cb0403b3928	absent
drivers/misc/mediatek-consys/wifi/mt6582/include/mgmt/cnm_mem.h	43891	1179	d1e631dd969d6c06dffe76c65c73feb78e9108d1cb6ed74e82dfbf6740175699	absent
drivers/misc/mediatek-consys/wifi/mt6582/include/mgmt/cnm_scan.h	6126	220	f95a5522960e91014953a118550b8b2a9f99900f7ca435669b4c553391af13e4	absent
drivers/misc/mediatek-consys/wifi/mt6582/include/mgmt/cnm_timer.h	9721	288	e092111992fcdfb29bb0c28ee162f71de0dcbd43e59fa71349dc1b023b1f0895	absent
drivers/misc/mediatek-consys/wifi/mt6582/include/mgmt/hem_mbox.h	17144	485	6876fa5be0ef9b653ab4fe9a2fdabe457767705347770a764f9595c55910f909	absent
drivers/misc/mediatek-consys/wifi/mt6582/include/mgmt/hs20.h	6390	229	a48077dd15fdf479982886b7e67277d8fb25d4d5e67cbfab5b383963bdc289c0	absent
drivers/misc/mediatek-consys/wifi/mt6582/include/mgmt/mib.h	6957	171	15b0ef6a5c1a3a71e8ba3e4bb577ad6320f6c035b44f98b7c93b4e6ed43f59f7	absent
drivers/misc/mediatek-consys/wifi/mt6582/include/mgmt/p2p_assoc.h	2812	78	1fad7795761decd88320c52d417f446011ded09ae22bc48a7d8c289fe1bfef28	absent
drivers/misc/mediatek-consys/wifi/mt6582/include/mgmt/p2p_bss.h	2749	79	b725a635c7f5fd032400719dc31cd4695f33e823ec2dc3f7e65138359c2ee2d6	absent
drivers/misc/mediatek-consys/wifi/mt6582/include/mgmt/p2p_fsm.h	86738	2801	7c9d1477b3c96bc1ce47417d96160fa49d1748fd2960330e519072889c73be69	absent
drivers/misc/mediatek-consys/wifi/mt6582/include/mgmt/p2p_func.h	7305	367	6534c509ed7d371e62b7ac1082cd2d3732c3d74df629b1d8572ad31dfb67068f	absent
drivers/misc/mediatek-consys/wifi/mt6582/include/mgmt/p2p_ie.h	6701	246	4277c4736bf98de6b9634c2f9caa43844f86f039d863fc3b13151230184da387	absent
drivers/misc/mediatek-consys/wifi/mt6582/include/mgmt/p2p_rlm.h	3495	123	671e7fba16e132117d84cdd58b52d7f7d4ddb40884c5da7337954e4d29aac2a1	absent
drivers/misc/mediatek-consys/wifi/mt6582/include/mgmt/p2p_rlm_obss.h	3273	107	0a38b0367e1ab015882c639deaa00fb3fae3ce3d2e2d6f6b4d8ea336bd3e6966	absent
drivers/misc/mediatek-consys/wifi/mt6582/include/mgmt/p2p_scan.h	3849	141	f64b6788785f314c4c63479a474366aec3cc7b0c9b6ca223df42f19becf45162	absent
drivers/misc/mediatek-consys/wifi/mt6582/include/mgmt/p2p_state.h	2379	103	de1f18f3d42e5b3f54ea2dbee16f75191a09a916fb32402211564e1bab4b389e	absent
drivers/misc/mediatek-consys/wifi/mt6582/include/mgmt/privacy.h	9244	302	e3b2de5fd64a69054a13e02fc07769bedd853c5a74fa599914c6122966c15d84	absent
drivers/misc/mediatek-consys/wifi/mt6582/include/mgmt/rate.h	4203	125	455f183161ba4e4a4890f7590b8a20949a5a1b1353e2941a6e91e3fe2c01910d	absent
drivers/misc/mediatek-consys/wifi/mt6582/include/mgmt/rlm.h	13655	478	97e5b337dcfbe0ff73636f80414edf6958381c537036cc3d53bfc9bc59ecf1ef	absent
drivers/misc/mediatek-consys/wifi/mt6582/include/mgmt/rlm_domain.h	16728	372	94f6dd36242c175828d002b086e5f0aa2e67dfcd292d23acf48e0563f10a4e31	absent
drivers/misc/mediatek-consys/wifi/mt6582/include/mgmt/rlm_obss.h	5931	178	fc7428cc2f467cd1708da94d68bbcb8778263935ed7dcbd586af5b926a566b74	absent
drivers/misc/mediatek-consys/wifi/mt6582/include/mgmt/rlm_protection.h	4598	140	9dddb0a5f3653da5dad3abafb94e2b2d8e54e616e9b4a05c3e5759befd222b71	absent
drivers/misc/mediatek-consys/wifi/mt6582/include/mgmt/roaming_fsm.h	6674	226	d215eb5019b873c870a693f4fa5034dc566912054515db80ac095dd23017db97	absent
drivers/misc/mediatek-consys/wifi/mt6582/include/mgmt/rsn.h	11626	400	7d8b4606a3cda3dd340c606c021b43f80d61633e9a0e0abaced3c75673ec082c	absent
drivers/misc/mediatek-consys/wifi/mt6582/include/mgmt/scan.h	29095	887	8bce02c22b6100bc465ef2feac82b7f9afb0d5f6dcf783559e9b80e4f19c80b4	absent
drivers/misc/mediatek-consys/wifi/mt6582/include/mgmt/sec_fsm.h	9620	298	caa67757a5db5d3b72d5998ed9007133d3d342d3fb0fe41f16ec955a9f087e55	absent
drivers/misc/mediatek-consys/wifi/mt6582/include/mgmt/swcr.h	6072	194	50ed0d0dea5401792b9906eaab57b6bb3710608252d417ffb6bfbe7b395e7f35	absent
drivers/misc/mediatek-consys/wifi/mt6582/include/mgmt/wapi.h	4321	134	1347886abcf16175ba5ff91be2fc0d275b3734547d4042e881a695f03d531830	absent
drivers/misc/mediatek-consys/wifi/mt6582/include/mgmt/wlan_typedef.h	4099	104	69ebe43e1df0ee73609f886c2a6a4140dd9d1fa5d3d8c3ba783b178e3e241dad	absent
drivers/misc/mediatek-consys/wifi/mt6582/include/mgmt/wnm.h	3941	114	52798de59619b0a22768fc13d9d56bbab98b7d5ba138545ea38c52b21b3f39cc	absent
drivers/misc/mediatek-consys/wifi/mt6582/include/nic/adapter.h	55007	1453	5cdc67740dc62cef03fd4fe5ba124d972ceee965a5f515d2b3758f67e5244747	absent
drivers/misc/mediatek-consys/wifi/mt6582/include/nic/bow.h	11649	337	2127c7dfa70efaeb9162fccb3dddbe77148a1516c3d9c984a369c5be67c73e58	absent
drivers/misc/mediatek-consys/wifi/mt6582/include/nic/cmd_buf.h	6223	190	80eb8979c1c8e19617bd3be65e9d3e01dfc7f369922dfe54da512d66cf87a6a2	absent
drivers/misc/mediatek-consys/wifi/mt6582/include/nic/hal.h	21718	627	6bb81208f8b3e70698feb6daf7314ad47a18ddac57d8db7b3ab08002906d062f	absent
drivers/misc/mediatek-consys/wifi/mt6582/include/nic/hif_rx.h	8678	241	fba0b8d38b6cd3cf00704b8f7e0f05b782c7fbd361439225e9d6ad729a6a4bfa	absent
drivers/misc/mediatek-consys/wifi/mt6582/include/nic/hif_tx.h	8898	239	08e238940bd01161a26aefc5dcff69fc3067c02e72277f7f6e86832a81c3b734	absent
drivers/misc/mediatek-consys/wifi/mt6582/include/nic/mac.h	107389	2319	28ef4cbdcc2ceb14a4a69e82ca3be68e14049abab1eff682e1e00771407ec7df	absent
drivers/misc/mediatek-consys/wifi/mt6582/include/nic/mtreg.h	9631	297	8f84ec76af02eb05b9503c325ec87a0a1f6dbdb50de87adaed79901c20c39d92	absent
drivers/misc/mediatek-consys/wifi/mt6582/include/nic/nic.h	21644	744	ae40fe7fe1b53fc337bdfaf879984d28caaf4749a05250c9ebeb2a51e92a9bc5	absent
drivers/misc/mediatek-consys/wifi/mt6582/include/nic/nic_rx.h	16900	544	610efc33f21b0970f2b85fa3a048bb8a98fc82e10ea8e29ff5512a0512970ca1	absent
drivers/misc/mediatek-consys/wifi/mt6582/include/nic/nic_tx.h	26565	708	d4f5a1db29bd7480d360608b0adcf6686423b40642819b04afd8cfcbe8a95dad	absent
drivers/misc/mediatek-consys/wifi/mt6582/include/nic/p2p.h	7150	209	90df678ab3f3e0234809063d348f683ee3a744dd3872ec81bc7ae7ab9432e3cb	absent
drivers/misc/mediatek-consys/wifi/mt6582/include/nic/p2p_cmd_buf.h	3721	107	6c8f0eb94cd528879aba87c938216283290f8ed07917dc4272ef0b887e5eff12	absent
drivers/misc/mediatek-consys/wifi/mt6582/include/nic/p2p_mac.h	10407	237	11f425c9c1b62c6831aa715a52d82ec58c18b362663df5fec9e693565cb23ce5	absent
drivers/misc/mediatek-consys/wifi/mt6582/include/nic/p2p_nic.h	2961	88	e18899dde44cd1d8d58cfceb5025844283440a2a0103943eff49616d8c9896c1	absent
drivers/misc/mediatek-consys/wifi/mt6582/include/nic/p2p_nic_cmd_event.h	3510	87	21643022a99c6b34bf862a770cb75a5752944f5fbfe081fc47be47337f286bf8	absent
drivers/misc/mediatek-consys/wifi/mt6582/include/nic/que_mgt.h	35117	1164	4a5a8148b3b27dae30e58d4b28504e24c82b93cf23eec184aa17818cd8bf4d4e	absent
drivers/misc/mediatek-consys/wifi/mt6582/include/nic/wlan_def.h	41336	1030	9061a3068ad172349c8e5ffe34a1ef70dc3f33e9789e55238b74f03e047dde55	absent
drivers/misc/mediatek-consys/wifi/mt6582/include/nic_cmd_event.h	70035	2029	49ad2b783e0eb8029c7409b78d5fcb2f7e8884280100b872338a90b5f5dc0645	absent
drivers/misc/mediatek-consys/wifi/mt6582/include/nic_init_cmd_event.h	6758	194	9ef68d59914adff8104991f0faccbff94737e77cbe827532dc58199f8bfe28b5	absent
drivers/misc/mediatek-consys/wifi/mt6582/include/os_debug.h	18773	564	1475875372c25135ed4918e2bfef5aa9f311e08254eca0302e699526d3a5658e	absent
drivers/misc/mediatek-consys/wifi/mt6582/include/p2p_precomp.h	5848	239	f7767b858d1fa09d18330aa145ecc5a2002674e910ce5a6e79fcab6a2465a519	absent
drivers/misc/mediatek-consys/wifi/mt6582/include/p2p_typedef.h	7962	292	8e6ec095827fe281b09694a6e98b93cec212aa19b73e0dc0f3efec533d1d2856	absent
drivers/misc/mediatek-consys/wifi/mt6582/include/precomp.h	11392	395	e690f5aa1a486cf00265da98c09d970e783e23c31d14c19fa75918ba891975d7	absent
drivers/misc/mediatek-consys/wifi/mt6582/include/pwr_mgt.h	6333	161	bb19ea7f697dd1f78bc3d0279569a5776bd972b52be6727a42591cd99c0d684b	absent
drivers/misc/mediatek-consys/wifi/mt6582/include/queue.h	7517	214	9b55571274a41f62be5e05cd9d8dee4eeb62eccc06fa9863b555034bf01697eb	absent
drivers/misc/mediatek-consys/wifi/mt6582/include/rftest.h	10390	331	1607f365a35040f5860431c75b11627b5d331f2199976a427037daa86c645a02	absent
drivers/misc/mediatek-consys/wifi/mt6582/include/typedef.h	9422	253	1b1a01a156137ea8bd01b6b46bce2f3dbd9836a4efbddbd9852ae627f6d4cfed	absent
drivers/misc/mediatek-consys/wifi/mt6582/include/wlan_bow.h	14785	561	22e5798ec308b84ee4997ecdff5ef3635b9c0637cc1c3757256bda8d1d6797dc	absent
drivers/misc/mediatek-consys/wifi/mt6582/include/wlan_lib.h	37148	1123	1eadfd36fc805cacf10cb7209942250e3d01187c02b8e2f5938b22ba0a2c37b9	absent
drivers/misc/mediatek-consys/wifi/mt6582/include/wlan_oid.h	66392	2154	5aaab21d69266932384793291b086059326f8ffe3b5a4da6ba946dcac57a1984	absent
drivers/misc/mediatek-consys/wifi/mt6582/include/wlan_p2p.h	12969	414	999ba7fdac0f7003a792bc6040a82133bbbaab13b052eaafa0bcadc975d8ad45	absent
drivers/misc/mediatek-consys/wifi/mt6582/mgmt/aaa_fsm.c	49334	1505	25e76159d045c92e1b248a6290ed9490cac13619f38b2d89cb7e54ca7bb1fde2	absent
drivers/misc/mediatek-consys/wifi/mt6582/mgmt/ais_fsm.c	179396	5381	d009559af32cfebbaefec70621faa3db0a7910d73dbdb3dd5ec26d76e86edb47	absent
drivers/misc/mediatek-consys/wifi/mt6582/mgmt/assoc.c	75563	2127	28842b2d90511f9630df01f057d56bc1fb28cfa179429d3c983374fa5c8192fd	absent
drivers/misc/mediatek-consys/wifi/mt6582/mgmt/auth.c	45937	1366	5ca285c0f61617e562f4001c57e4c7c17fbe1f22b4d221457c32ccfc13ad3319	absent
drivers/misc/mediatek-consys/wifi/mt6582/mgmt/bss.c	95793	2811	0a8dca0de1f8e56c493a30eb6d4259cfd2dade0b75d7859c792ab25b06b72057	absent
drivers/misc/mediatek-consys/wifi/mt6582/mgmt/cnm.c	24379	789	0c3fcc8a6f127c878d130c5eac8458665210f00b160ad5a319e810014496e3a9	absent
drivers/misc/mediatek-consys/wifi/mt6582/mgmt/cnm_mem.c	40533	1324	af647b2d637ea8e3473f3f046f121cba12a733af86f1a96402035de432300d70	absent
drivers/misc/mediatek-consys/wifi/mt6582/mgmt/cnm_timer.c	16819	545	e70667d0db915c76952c215148e25b45b8a0e5399e99dc7c990a934591e20be6	absent
drivers/misc/mediatek-consys/wifi/mt6582/mgmt/hem_mbox.c	28809	851	751d779bee69ce8f17d8fba964de6158c9793fda79f21d4466dff3051b27bdc2	absent
drivers/misc/mediatek-consys/wifi/mt6582/mgmt/hs20.c	18843	578	5bcd2550767c9213178d7ddc72bf041d83dd41a54929dd7678373e46e4f216fa	absent
drivers/misc/mediatek-consys/wifi/mt6582/mgmt/mib.c	4759	116	a8ea76e86694e4797eabca60bfe26a779339d7bede9afd8ebf69bac006de401b	absent
drivers/misc/mediatek-consys/wifi/mt6582/mgmt/p2p_assoc.c	4008	113	be0ca90695513b4677bf1735f4aaeb505dfaa832606484fb30cf1dd8f9c7514e	absent
drivers/misc/mediatek-consys/wifi/mt6582/mgmt/p2p_bss.c	2957	80	5bb60a705a0cdff6f16888c4d91d9d0c42d631c3e999372c9661322a286f3204	absent
drivers/misc/mediatek-consys/wifi/mt6582/mgmt/p2p_fsm.c	117328	3511	5f7a9958f4b8254b3961353a22f731170aa397c6ba3dd47e78d1c68d05be8923	absent
drivers/misc/mediatek-consys/wifi/mt6582/mgmt/p2p_func.c	137513	4002	c7701014a9898f3ab51060a30eb21281d16a034d29d094776aa6a95e635d4ef6	absent
drivers/misc/mediatek-consys/wifi/mt6582/mgmt/p2p_ie.c	18957	596	37efec24ed1700ed59a384f7ab0f979a2e046679a065bff41475994a89a94c4f	absent
drivers/misc/mediatek-consys/wifi/mt6582/mgmt/p2p_rlm.c	36401	1052	696ed0092d183fa5517a25c1355802894e38abb87e02d2e1b0a46e036f2989ff	absent
drivers/misc/mediatek-consys/wifi/mt6582/mgmt/p2p_rlm_obss.c	12248	388	8459ca7bc62e6c12a78c87c8e7e23da01e06d52613226221d3085bf09e41bcc5	absent
drivers/misc/mediatek-consys/wifi/mt6582/mgmt/p2p_scan.c	32848	853	8bfdbc10d5b7b7b773082b3be61574ed04bcdebb847f2ccaa9a26e278ef1e00b	absent
drivers/misc/mediatek-consys/wifi/mt6582/mgmt/p2p_state.c	18800	591	15d4874469b2feb1fbd4b1b672a59e887b882e00472200249ec7cf7b22537270	absent
drivers/misc/mediatek-consys/wifi/mt6582/mgmt/privacy.c	35461	1050	84ae4d49e113df7e574c53b5b6d7cdc384c269ff5f1029f773ae0794e004e50d	absent
drivers/misc/mediatek-consys/wifi/mt6582/mgmt/rate.c	18897	561	5c06864ed4bbc1c7db395c088196308b39dfe3d7d2c847c76d30ebc997ca3ff8	absent
drivers/misc/mediatek-consys/wifi/mt6582/mgmt/rlm.c	56829	1856	e9bf2e8b1064c37b18552c1103b7de57e75a9c9398bc5d582e0204138613a798	absent
drivers/misc/mediatek-consys/wifi/mt6582/mgmt/rlm_domain.c	28078	695	7a9dd0f119cb396154e25a5ec8d241dc7d6e6523281bc66ea12d8132a29b89a6	absent
drivers/misc/mediatek-consys/wifi/mt6582/mgmt/rlm_obss.c	16182	499	f075a67da0e9f7f8a961a83aec215ea1323984aee8894b43e952db64a4874477	absent
drivers/misc/mediatek-consys/wifi/mt6582/mgmt/rlm_protection.c	4241	122	313cade7352c11ca7401ad85f222aaf0e0ad405ea661dc4a7a9f38b43dd0a087	absent
drivers/misc/mediatek-consys/wifi/mt6582/mgmt/roaming_fsm.c	19675	616	002af1d2029469f021c0655f091ed06eee0a92304b3fed8089c62907596d71f2	absent
drivers/misc/mediatek-consys/wifi/mt6582/mgmt/rsn.c	94653	2707	b4ff9cfe9e79f91d2409ca9517cd8c6285f9ee9f6e71c27839192f9934f0d62f	absent
drivers/misc/mediatek-consys/wifi/mt6582/mgmt/saa_fsm.c	67555	2083	36e58df2df1aaae9079f5afbaa67443fe2b2f4cb127b113dea338b600e555b59	absent
drivers/misc/mediatek-consys/wifi/mt6582/mgmt/scan.c	115927	3298	73653f5bb2ae4dee76a0c50afc9a2d6035adc5688e0a7c36fb5576acce98fc0a	absent
drivers/misc/mediatek-consys/wifi/mt6582/mgmt/scan_fsm.c	35065	1123	848bbb9c24b10f9bfdff06cec0d8c4a6905d0ce3aedd05f9efcebbaad29184e2	absent
drivers/misc/mediatek-consys/wifi/mt6582/mgmt/sec_fsm.c	37022	1269	4383d761eac6cb1052ca1ab8b7c488ac34aebde7d6d95af506df6762460f834a	absent
drivers/misc/mediatek-consys/wifi/mt6582/mgmt/swcr.c	46149	1278	cfca0a309aa577bc5b71e37ff4c859ffc1784155c6b8fdabd3b0d609f86771a4	absent
drivers/misc/mediatek-consys/wifi/mt6582/mgmt/wapi.c	19380	536	05eb7c20f98ba605cc4ca268ee93630ac17876f8c987e173f9fe7d3a3c5a6dba	absent
drivers/misc/mediatek-consys/wifi/mt6582/mgmt/wnm.c	12134	364	b05c382152b6f11d8e2d4eff97daac3c6bb6912da959e1e9569edaa3277e2358	absent
drivers/misc/mediatek-consys/wifi/mt6582/nic/cmd_buf.c	8032	234	c7c98928c9b9e6b36812d34f3deffe4dd862dadb78029a82f4bee7f3acca2238	absent
drivers/misc/mediatek-consys/wifi/mt6582/nic/nic.c	150641	4679	b9ab6c1c5a7fc9e7d315959d9f13f2c579f9233757cb9e2656e5d76060b1709b	absent
drivers/misc/mediatek-consys/wifi/mt6582/nic/nic_cmd_event.c	56285	1828	26f2ff428ced5a9e0d57706c1bbaa6213cc16fd11160cc71b506db4b4369e990	absent
drivers/misc/mediatek-consys/wifi/mt6582/nic/nic_pwr_mgt.c	30037	830	644ab06169014ab7fc1e5b5c49dbd7875a06e073ded3d1ddd6af714c8c938bf7	absent
drivers/misc/mediatek-consys/wifi/mt6582/nic/nic_rx.c	124455	3613	a7c21977b828a622ee181a3501cbc54ed61a41a5362c446fa35309383ba1d32a	absent
drivers/misc/mediatek-consys/wifi/mt6582/nic/nic_tx.c	86457	2494	cd49854740f7a538ccd833e28414dff74e062def43de26e5cb7932fc9c58a1ac	absent
drivers/misc/mediatek-consys/wifi/mt6582/nic/p2p_nic.c	8238	217	0918804511f2e38297e7959e202198f4b113839bf57366395e3edaa1b0a4d58e	absent
drivers/misc/mediatek-consys/wifi/mt6582/nic/que_mgt.c	167135	5026	1c0426dcff1ce78f749c9642fee8248ce6d17aaf1614ac7e035d32cad961ac8f	absent
drivers/misc/mediatek-consys/wifi/mt6582/os/linux/gl_bow.c	39028	1383	4bd7cb86392d36ed34ea528b3c986361f49ff80a9d777f2b86d11922446e8239	absent
drivers/misc/mediatek-consys/wifi/mt6582/os/linux/gl_cfg80211.c	70223	2475	02884015e8d985239e6a5d1a2c46e9d56b3e7ce9128de1bac907b404741e3e73	absent
drivers/misc/mediatek-consys/wifi/mt6582/os/linux/gl_init.c	113628	3523	da81c5fee6fb1571a3d18e18f2b6de9d38ad64f112b51daca118d97ab47cfc4e	absent
drivers/misc/mediatek-consys/wifi/mt6582/os/linux/gl_kal.c	137003	4554	1f5ddb01c96a21dc64173512bed8748a12cea60be1708961c09cd8b88ed0e7bd	absent
drivers/misc/mediatek-consys/wifi/mt6582/os/linux/gl_p2p.c	166819	5492	c0d03ea63e40abced7d98b24df1abb2b96c827618340816596f4813082482c58	absent
drivers/misc/mediatek-consys/wifi/mt6582/os/linux/gl_p2p_cfg80211.c	76242	2558	6a7395e49925c6d84d1951cde3b943dfe8185119e4dbf18b5af3ee12606e1a46	absent
drivers/misc/mediatek-consys/wifi/mt6582/os/linux/gl_p2p_init.c	18026	560	9ce0727e3f4ae4fa48129474b35815b037234f3e6add39815a71a98de648e6cc	absent
drivers/misc/mediatek-consys/wifi/mt6582/os/linux/gl_p2p_kal.c	45671	1676	3d6edad77f7f2d06a40a3cd40dee43a3cf79e7fb80d109e0abefe845ce0c5541	absent
drivers/misc/mediatek-consys/wifi/mt6582/os/linux/gl_proc.c	24202	825	91ab56e041f9beb2e486c0e66a8cbd28c529727d2b43d8b2b85ec98c24bdb38e	absent
drivers/misc/mediatek-consys/wifi/mt6582/os/linux/gl_rst.c	12928	492	e0e43777d750372454df7b945d2756bc1173619f0a54215988e8d847da7691ad	absent
drivers/misc/mediatek-consys/wifi/mt6582/os/linux/gl_wext.c	154783	4876	d758d8c99c062d0e177fefc7023ea5ae0801ce41afd5797d2c9a6d58e56d20d3	absent
drivers/misc/mediatek-consys/wifi/mt6582/os/linux/gl_wext_priv.c	80392	2363	fddb0f822b91c13e972aa9db6b89f0373e4b15dd65457b528c422a8938fa89c4	absent
drivers/misc/mediatek-consys/wifi/mt6582/os/linux/hif/ahb/ahb.c	61574	2237	d3f4a8e55040ac7c676b8286d64d44626e6e5141f4282391ae7531474fc9b262	absent
drivers/misc/mediatek-consys/wifi/mt6582/os/linux/hif/ahb/arm.c	1087	36	715d6308371bd9255eb460228d2247e277a9bf3c5b39d561cc92b2a76a763ff6	absent
drivers/misc/mediatek-consys/wifi/mt6582/os/linux/hif/ahb/include/hif.h	11274	399	57c91fa5b3dccebc0639e51ff2d695725bf5c7a297651395e0fd914ad58bee3b	absent
drivers/misc/mediatek-consys/wifi/mt6582/os/linux/hif/ahb/include/hif_gdma.h	5769	178	a656c273012dd6da4328dbcbe2fad24e4fecab0b11d09117e067381b20261370	absent
drivers/misc/mediatek-consys/wifi/mt6582/os/linux/hif/ahb/include/hif_pdma.h	4779	152	73d68286d6a3c35c9911097a922eccc9b038f0fdd170ea5d21c189fde4b7a49b	absent
drivers/misc/mediatek-consys/wifi/mt6582/os/linux/hif/ahb/include/mtk_porting.h	2958	105	58ed3f7177cd462343b414838496753bec99074a4e17afb57f6854f244d4eeef	absent
drivers/misc/mediatek-consys/wifi/mt6582/os/linux/hif/ahb/mt6582/ahb_pdma.c	14805	533	ed3f355fabcd7ddb75820adc87029b6ac4384fc626ad7fafcfb2c6c35c6f1ad4	absent
drivers/misc/mediatek-consys/wifi/mt6582/os/linux/include/gl_cfg80211.h	10572	442	06f5fa18689df097afb74bb25fd26f073f665ae8dc79341a3bd8beda005956ee	absent
drivers/misc/mediatek-consys/wifi/mt6582/os/linux/include/gl_kal.h	75887	2318	9872927e42fc9410ef90ad4dbd94206a2137875ab2e12cfd3901d0cac3226fcf	absent
drivers/misc/mediatek-consys/wifi/mt6582/os/linux/include/gl_os.h	41132	1224	c2051cd11a5330e89140d60ce6b3de0c861a1752cc3e0e9084d396ab469edfad	absent
drivers/misc/mediatek-consys/wifi/mt6582/os/linux/include/gl_p2p_ioctl.h	32686	1192	2125884f67b3fe0404c04288207dd6f44a8dbecc65bebcdfcc3e511621715ee6	absent
drivers/misc/mediatek-consys/wifi/mt6582/os/linux/include/gl_p2p_kal.h	10335	409	4190983bbfe88d9dd2f531930a8a5bb3e07dcaea76f4179601e1e756f9f302c7	absent
drivers/misc/mediatek-consys/wifi/mt6582/os/linux/include/gl_p2p_os.h	8914	303	445a15fc3f65c5dded98edea7282c316964939c785a919dd644f112418748b92	absent
drivers/misc/mediatek-consys/wifi/mt6582/os/linux/include/gl_rst.h	5261	161	54276457f93f4b0e007710832d103c52d0aeb2b06b07cc967cd883f8cf6cfe29	absent
drivers/misc/mediatek-consys/wifi/mt6582/os/linux/include/gl_sec.h	1631	38	5db2e6376b613fa1d4ba90cff7d8de5df787cd6b5ad0615e3b4c8616d482e0cc	absent
drivers/misc/mediatek-consys/wifi/mt6582/os/linux/include/gl_typedef.h	9581	294	6fe815275b4502ef383a03452d05e8a0ee1b561fed93e6a6d309178b199b4624	absent
drivers/misc/mediatek-consys/wifi/mt6582/os/linux/include/gl_wext.h	14588	420	076797796ddf3db2bfc7daccb388be299f7b389e5dd7c8d8cacd939c1f43c457	absent
drivers/misc/mediatek-consys/wifi/mt6582/os/linux/include/gl_wext_priv.h	15146	414	724b8491854ea8759c14052fe8158b900a279e0f7254899b75f453dcb3058032	absent
drivers/misc/mediatek-consys/wifi/mt6582/os/linux/platform.c	19614	656	6e90053b1187871eb4d2803c10db3f255e06d6b5a425cc927561df57b63aa3b8	absent
drivers/misc/mediatek-consys/wifi/mt6582/os/version.h	7136	216	6c364ad5d52516a5d0e40e02e77b72423d7c82ab7cdc6bcda3f02cbded2a0144	absent
drivers/mmc/host/mtk-sd.c	92557	3136	a3fe650c2f3cef4b86a609791ebad8c8494ccfe5dbc20b45394ff5afe1dca58e	different
drivers/phy/mediatek/Kconfig	3299	108	e10ed5a15c0b86a09b91e6ee34da948c7058a72b48ec11ccb4e50ac29044453f	different
drivers/phy/mediatek/Makefile	912	25	65180d8b43232a369b2afe3aed0babd1b0a61ef0c40b8b455323bf6e703035af	different
drivers/phy/mediatek/phy-mtk-mipi-dsi-mt8173.c	9565	287	a7f2adddd02fa776330c4202974a70da8501d0342169717aaa49b03004f542e9	different
drivers/phy/mediatek/phy-mtk-mipi-dsi.c	5835	218	60358a733d9913a7fed9f6040b4ee63ec48047a49288acd60b901a946c423b28	different
drivers/phy/mediatek/phy-mtk-u2-mt6582.c	3624	123	09bebc1cf8b46c0f3eadb1315a76e565f3dbc031bd97a77b855a3d97d74e8e3b	absent
drivers/pinctrl/mediatek/Kconfig	6203	266	33263f887fc1f133dd9bb0d8eb7638bc435c6114586ef6ec4cf4b616ef157e74	different
drivers/power/supply/Kconfig	32362	1031	daab52e5b2f2e9ba76afd7d7202a49bca552f737371c1bdbc5cb63dfcc44995d	different
drivers/power/supply/Makefile	5936	120	beedbfd194fc4a5129e8eb5dd61ab667d70c60bada2b613672c7d03d409ec650	different
drivers/power/supply/mt6323-charge-policy.h	679	17	4783c0b6e1bfd85dd63e43beeff250c4e2820f5629842e5a308a112aa1d5861f	absent
drivers/power/supply/mt6323-charger.c	16151	465	54ce34b94d5c7cdcb0e43bbf00a1b37adb746fe43f6b72b9fb56913579b79f5e	absent
drivers/soc/mediatek/Kconfig	3274	102	26079685a916c0fd9d5b86ca7ca2914dc5d719b36a4f1454ba6319885470aef0	different
drivers/soc/mediatek/Makefile	538	12	e9e5192019ab014d45c3a69d7cee6893816b420e28e52649330eacdcf91add4c	different
drivers/soc/mediatek/mt6582-mfg-power.c	5707	174	b2ba684a59918aee605ca278f87d7a6d0abd1f20fd64b5b5d4050d8b39076915	absent
drivers/soc/mediatek/mt6582-spm.c	9245	292	676205105d44774885070849e991b99f775e1d4a9ea07273375b114c2425dcc5	absent
drivers/soc/mediatek/mtk-mmsys.c	16116	503	345d703128f6dbb317ccc935262f5728019c2c4fe9452cade5b611a28bf2e388	different
drivers/soc/mediatek/mtk-mutex.c	43596	1161	e75ac21db5970913b5fe1125e6dfd9fc713c3c1c960652ccb3e5b1fb8a5d52bd	different
drivers/soc/mediatek/mtk-pmic-wrap.c	72478	2653	32e3b9e55b63c175de76fbb03c25fb8a942c43455d2db19d3d54b31d2a083981	different
drivers/tty/vt/vt.c	119398	4934	304d90c4060280e49d1f5734db5e4d6a6378afc33ef8b4b995c165c6b62951b7	different
drivers/video/backlight/Kconfig	14628	505	3f42e8ead9ff3509397d548342e7c7106677709bb6f7be54cdb15faaa3c2abde	different
drivers/video/backlight/Makefile	2859	63	d329bdadc052b2f65614dd8f87836e477ab16eaec7b63bd0f15bba6a64b843b2	different
drivers/video/backlight/mt6323-backlight.c	6441	181	ca12902e8971a90014ad9b09539e8ff548a84f6cd99275bbdd5c4d7f31b6ce42	absent
include/dt-bindings/clock/mt6582-clk.h	4221	142	e9604d9c9aeb4c9900492b0a665fc4b9bbfa6a981bc3fad01bab245c1965234b	absent
include/net/bluetooth/hci.h	69243	2945	1aa4a22732380a4a6bb087356233f950159090ec2e70d9b24b17a2f93091ef30	different
net/bluetooth/hci_event.c	196095	7514	f51f6a39f92f6038c8fea02f9318c721eac7a702e7f4d9dffaac3bd71e562d66	different
sound/soc/codecs/Kconfig	61334	2607	fe335528dd1444915335a0037465b665037c1b59d1dd37ef34ea3b465a641109	different
sound/soc/codecs/Makefile	35717	824	769210b944a5f1b4e070f5573a3af313cc383a35e1d649eacad07ba288914f5a	different
sound/soc/codecs/aw87559.c	6443	228	dbe4751a07a647af89ba9cb939ff0bb41bcb8dcd39230d6bcbf82298046e6794	absent
sound/soc/mediatek/Kconfig	10427	343	593029f46cbb77dd9e8dc9dc2a14e9a2148b833ab82f50fac00ab2ee158e8eb3	different
sound/soc/mediatek/Makefile	517	13	e866fca116121e61408453e78d4dae451e2bb7bdc2ad80ad647ffe189808b454	different
sound/soc/mediatek/mt6582/Makefile	182	5	476c21f4322091a12d52133e7d0f9aee79f0bdfe734ee27a36b908d2acf8c13f	absent
sound/soc/mediatek/mt6582/mt6582-afe-common.h	5659	182	42e7e79fec90aaa024d0a09c6a85092b50b0535a30c205c4b5e8999e0fee1a76	absent
sound/soc/mediatek/mt6582/mt6582-afe-pcm.c	18958	706	492c9bff68eedcbac78b989b4bd0a0cd7f888c54927dfa19d750a5203c5502a5	absent
sound/soc/mediatek/mt6582/mt6582-cs43131.c	7376	245	5213fb162f5833f275b705a5fcfdc3fbe8ea717ee2987b8b0717b7b1e91203ef	absent
