capture	sample	uptime_start_s	uptime_end_s	batsns_before_raw	baton_raw	isense_raw	batsns_after_raw	battery_uV	usb_online	status
01-room	0	119.89	119.94	15896	10387	15908	15908	3495410	1	Not charging
01-room	1	120.99	121.03	15897	10387	15907	15896	3492773	1	Not charging
01-room	2	122.08	122.12	15897	10387	15896	15896	3490576	1	Not charging
01-room	3	123.17	123.21	15907	10387	15895	15896	3491235	1	Not charging
01-room	4	124.26	124.30	15896	10387	15895	15908	3492773	1	Not charging
01-room	5	125.35	125.39	15895	10387	15905	15895	3494531	1	Not charging
01-room	6	126.44	126.48	15896	10388	15895	15896	3489257	1	Not charging
01-room	7	127.53	127.57	15905	10388	15895	15896	3490356	1	Not charging
01-room	8	128.62	128.66	15894	10388	15895	15906	3490795	1	Not charging
01-room	9	129.71	129.75	15894	10388	15905	15894	3493872	1	Not charging
01-room	10	130.81	130.85	15902	10387	15894	15905	3492333	1	Not charging
01-room	11	131.90	131.94	15894	10387	15900	15893	3493872	1	Not charging
01-room	12	132.99	133.03	15894	10387	15902	15893	3489916	1	Not charging
01-room	13	134.08	134.12	15904	10387	15893	15893	3489038	1	Not charging
01-room	14	135.17	135.21	15894	10388	15892	15904	3491235	1	Not charging
01-room	15	136.26	136.30	15893	10387	15904	15893	3492553	1	Not charging
01-room	16	137.35	137.39	15893	10387	15892	15893	3491674	1	Not charging
01-room	17	138.44	138.48	15904	10387	15892	15893	3491235	1	Not charging
01-room	18	139.53	139.57	15892	10387	15892	15904	3489916	1	Not charging
01-room	19	140.62	140.66	15887	10387	15903	15892	3491674	1	Not charging
01-room	20	141.72	141.77	15903	10387	15891	15892	3491455	1	Not charging
01-room	21	142.82	142.86	15891	10388	15890	15891	3491894	1	Not charging
01-room	22	143.91	143.95	15903	10388	15891	15892	3488378	1	Not charging
01-room	23	145.00	145.04	15891	10387	15890	15902	3490136	1	Not charging
01-room	24	146.09	146.13	15890	10387	15901	15891	3493652	1	Not charging
01-room	25	147.18	147.22	15891	10387	15890	15890	3490136	1	Not charging
01-room	26	148.27	148.31	15901	10387	15889	15890	3490356	1	Not charging
01-room	27	149.36	149.40	15890	10388	15890	15902	3491015	1	Not charging
01-room	28	150.45	150.49	15890	10387	15900	15889	3491235	1	Not charging
01-room	29	151.54	151.58	15889	10387	15888	15889	3491235	1	Not charging
02-response-pending	0	181.30	181.34	15882	10387	15882	15894	3489697	1	Not charging
02-response-pending	1	182.39	182.43	15882	10387	15893	15883	3491674	1	Not charging
02-response-pending	2	183.48	183.52	15882	10387	15882	15882	3489477	1	Not charging
02-response-pending	3	184.57	184.61	15892	10387	15881	15889	3489697	1	Not charging
02-response-pending	4	185.66	185.70	15882	10387	15881	15892	3489477	1	Not charging
02-response-pending	5	186.75	186.79	15881	10387	15893	15881	3492114	1	Not charging
02-response-pending	6	187.84	187.88	15882	10387	15881	15882	3489477	1	Not charging
02-response-pending	7	188.93	188.97	15894	10387	15881	15892	3489257	1	Not charging
02-response-pending	8	190.02	190.06	15880	10387	15881	15881	3488818	1	Not charging
02-response-pending	9	191.11	191.15	15880	10387	15892	15881	3489916	1	Not charging
02-response-pending	10	192.21	192.25	15880	10387	15880	15892	3489038	1	Not charging
02-response-pending	11	193.30	193.34	15880	10387	15890	15880	3491235	1	Not charging
02-response-pending	12	194.39	194.43	15880	10388	15879	15879	3489038	1	Not charging
02-response-pending	13	195.48	195.52	15891	10387	15879	15879	3488598	1	Not charging
02-response-pending	14	196.57	196.61	15879	10387	15879	15891	3488818	1	Not charging
02-response-pending	15	197.67	197.71	15878	10387	15878	15879	3489038	1	Not charging
02-response-pending	16	198.76	198.80	15891	10387	15878	15890	3488818	1	Not charging
02-response-pending	17	199.85	199.89	15878	10387	15878	15878	3489257	1	Not charging
02-response-pending	18	200.94	200.98	15878	10387	15890	15879	3491455	1	Not charging
02-response-pending	19	202.03	202.07	15878	10387	15878	15878	3488818	1	Not charging
02-response-pending	20	203.14	203.18	15878	10387	15876	15878	3489038	1	Not charging
02-response-pending	21	204.23	204.27	15890	10387	15877	15889	3487719	1	Not charging
02-response-pending	22	205.32	205.36	15877	10387	15877	15877	3488598	1	Not charging
02-response-pending	23	206.41	206.45	15877	10387	15888	15877	3490795	1	Not charging
02-response-pending	24	207.50	207.54	15877	10387	15876	15878	3487500	1	Not charging
02-response-pending	25	208.60	208.64	15876	10387	15882	15876	3488598	1	Not charging
02-response-pending	26	209.69	209.73	15875	10387	15876	15876	3488378	1	Not charging
02-response-pending	27	210.78	210.82	15887	10387	15876	15876	3488378	1	Not charging
02-response-pending	28	211.87	211.91	15876	10387	15876	15888	3488378	1	Not charging
02-response-pending	29	212.96	213.00	15876	10387	15886	15876	3490356	1	Not charging
03-response-return	0	238.65	238.69	15874	10387	15869	15880	3486840	1	Not charging
03-response-return	1	239.74	239.78	15864	10387	15880	15870	3487060	1	Not charging
03-response-return	2	240.83	240.87	15869	10387	15869	15870	3486401	1	Not charging
03-response-return	3	241.92	241.96	15880	10388	15869	15869	3485522	1	Not charging
03-response-return	4	243.01	243.05	15868	10387	15869	15881	3485083	1	Not charging
03-response-return	5	244.13	244.17	15868	10387	15879	15869	3486840	1	Not charging
03-response-return	6	245.22	245.26	15868	10388	15868	15869	3486840	1	Not charging
03-response-return	7	246.31	246.35	15878	10388	15868	15872	3486181	1	Not charging
03-response-return	8	247.40	247.44	15867	10388	15868	15878	3485083	1	Not charging
03-response-return	9	248.49	248.53	15867	10387	15878	15867	3485522	1	Not charging
03-response-return	10	249.59	249.63	15870	10387	15867	15878	3486181	1	Not charging
03-response-return	11	250.68	250.72	15867	10387	15867	15866	3488159	1	Not charging
03-response-return	12	251.77	251.81	15867	10387	15867	15867	3485961	1	Not charging
03-response-return	13	252.86	252.90	15877	10388	15866	15867	3485083	1	Not charging
03-response-return	14	253.95	253.99	15866	10387	15866	15878	3483105	1	Not charging
03-response-return	15	255.05	255.09	15866	10387	15865	15866	3489038	1	Not charging
03-response-return	16	256.14	256.19	15877	10388	15875	15866	3485742	1	Not charging
03-response-return	17	257.24	257.28	15866	10387	15873	15865	3485961	1	Not charging
03-response-return	18	258.33	258.37	15876	10387	15864	15865	3483105	1	Not charging
03-response-return	19	259.42	259.46	15866	10387	15864	15876	3485742	1	Not charging
03-response-return	20	260.51	260.55	15865	10388	15875	15865	3488378	1	Not charging
03-response-return	21	261.60	261.64	15865	10387	15864	15865	3484643	1	Not charging
03-response-return	22	262.69	262.73	15876	10387	15865	15865	3484863	1	Not charging
03-response-return	23	263.78	263.82	15865	10388	15864	15877	3484423	1	Not charging
03-response-return	24	264.87	264.91	15864	10387	15874	15864	3487939	1	Not charging
03-response-return	25	265.97	266.01	15876	10387	15864	15875	3485742	1	Not charging
03-response-return	26	267.06	267.10	15864	10387	15863	15864	3485742	1	Not charging
03-response-return	27	268.15	268.19	15864	10387	15875	15863	3487719	1	Not charging
03-response-return	28	269.24	269.28	15863	10387	15863	15863	3482885	1	Not charging
03-response-return	29	270.33	270.37	15876	10387	15863	15875	3483544	1	Not charging
04-delayed-response	0	423.49	423.54	15830	10387	15829	15829	3478051	1	Not charging
04-delayed-response	1	424.58	424.63	15842	10388	15829	15841	3478051	1	Not charging
04-delayed-response	2	425.67	425.73	15838	10388	15830	15830	3477612	1	Not charging
04-delayed-response	3	426.77	426.82	15839	10387	15829	15829	3477832	1	Not charging
04-delayed-response	4	427.86	427.91	15828	10387	15828	15840	3477832	1	Not charging
04-delayed-response	5	428.98	429.03	15828	10388	15838	15827	3477832	1	Not charging
04-delayed-response	6	430.07	430.12	15828	10387	15827	15829	3477392	1	Not charging
04-delayed-response	7	431.16	431.21	15839	10387	15828	15828	3477392	1	Not charging
04-delayed-response	8	432.25	432.30	15827	10387	15828	15839	3472778	1	Not charging
04-delayed-response	9	433.34	433.39	15827	10387	15838	15827	3480468	1	Not charging
04-delayed-response	10	434.44	434.50	15838	10388	15822	15827	3477392	1	Not charging
04-delayed-response	11	435.54	435.59	15826	10387	15826	15827	3476074	1	Not charging
04-delayed-response	12	436.63	436.68	15838	10387	15826	15826	3477612	1	Not charging
04-delayed-response	13	437.72	437.77	15827	10387	15826	15839	3476513	1	Not charging
04-delayed-response	14	438.81	438.86	15826	10387	15837	15826	3478491	1	Not charging
04-delayed-response	15	439.91	439.96	15837	10387	15825	15837	3477172	1	Not charging
04-delayed-response	16	441.00	441.05	15825	10387	15825	15825	3479370	1	Not charging
04-delayed-response	17	442.09	442.14	15825	10387	15835	15825	3477392	1	Not charging
04-delayed-response	18	443.18	443.23	15831	10387	15824	15826	3476074	1	Not charging
04-delayed-response	19	444.27	444.32	15830	10387	15825	15836	3476293	1	Not charging
04-delayed-response	20	445.36	445.41	15825	10388	15835	15825	3479150	1	Not charging
04-delayed-response	21	446.45	446.51	15824	10388	15836	15826	3476953	1	Not charging
04-delayed-response	22	447.55	447.60	15824	10387	15824	15835	3476953	1	Not charging
04-delayed-response	23	448.64	448.69	15825	10387	15834	15824	3478491	1	Not charging
04-delayed-response	24	449.73	449.78	15824	10387	15823	15824	3476513	1	Not charging
04-delayed-response	25	450.83	450.88	15823	10387	15831	15824	3476733	1	Not charging
04-delayed-response	26	451.92	451.97	15824	10387	15828	15824	3475195	1	Not charging
04-delayed-response	27	453.01	453.06	15834	10387	15823	15823	3476293	1	Not charging
04-delayed-response	28	454.10	454.15	15824	10387	15823	15833	3475415	1	Not charging
04-delayed-response	29	455.19	455.24	15822	10387	15833	15822	3478491	1	Not charging
